<?xml version="1.0" encoding="UTF-8"?>
<window>
    <backgroundcolor>Background</backgroundcolor>
    <menucontrol>9000</menucontrol>
    <defaultcontrol always="true">50</defaultcontrol>
    <views>50,550,510,551,500,552</views>
    <onunload>SetProperty(NodeReturn,pictures,home)</onunload>
    <onunload>SetProperty(HubReturn,$INFO[Container.FolderPath],home)</onunload>
    <controls>
        <!-- Background -->
        <include>Furniture_Background</include>
        <include>Furniture_RSS</include>
        <include>Furniture_TopBar</include>


        <!-- Main group -->
        <control type="group">
            <animation effect="fade" start="100" end="0" condition="!Integer.IsGreater(Container.NumItems,0)">Conditional</animation>
            <include>Defs_ViewBackground</include>
            <include content="Object_Headline">
                <param name="label" value="$VAR[Label_SortLine]" />
            </include>
            <include condition="!Skin.HasSetting(SkinHelper.View.Disabled.550)">Viewtype_List</include>
            <include>Viewtype_SquareList</include>
            <include>Viewtype_PlainList</include>
            <include condition="!Skin.HasSetting(SkinHelper.View.Disabled.510)">Viewtype_BigList</include>
            <include condition="!Skin.HasSetting(SkinHelper.View.Disabled.500)">Viewtype_Icon</include>
        </control>



        <!-- Menu -->
        <control type="group">
            <include condition="!Skin.HasSetting(HorizontalMenus)">GlobalOverlay</include>
            <include condition="!Skin.HasSetting(HorizontalMenus)">Dialog_Center</include>
            <visible allowhiddenfocus="true">ControlGroup(9000).HasFocus()</visible>
            <include>Animation_FadeIn</include>
            <include>Animation_FadeOut</include>
        </control>
        <control type="group">
            <visible allowhiddenfocus="true">ControlGroup(9000).HasFocus()</visible>
            <include condition="!Skin.HasSetting(HorizontalMenus)">Dialog_Center_Def</include>
            <include condition="Skin.HasSetting(HorizontalMenus)">Dialog_Top</include>
            <include condition="Skin.HasSetting(HorizontalMenus)">Dialog_Background</include>
            <include content="Dialog_Top_IconHeader">
                <param name="label" value="$LOCALIZE[31068]" />
                <param name="icon" value="special://skin/extras/icons/settings.png" />
            </include>
            <include content="Dialog_Center_Arrows" condition="!Skin.HasSetting(HorizontalMenus)">
                <param name="id" value="9000" />
            </include>
            <include content="Dialog_Top_Arrows" condition="Skin.HasSetting(HorizontalMenus)">
                <param name="id" value="9000" />
            </include>

            <control type="grouplist" id="9000">
                <include condition="!Skin.HasSetting(HorizontalMenus)">Dialog_Center_GroupList</include>
                <include condition="Skin.HasSetting(HorizontalMenus)">Dialog_Top_GroupList</include>
                <defaultcontrol always="true">3</defaultcontrol>
                <include>Object_BasicViewList</include>
                <!-- Start SlideShow -->
                <control type="button" id="6">
                    <include condition="!Skin.HasSetting(HorizontalMenus)">Defs_OptionButton2_Horz</include>
                    <include condition="Skin.HasSetting(HorizontalMenus)">Defs_OptionButton2</include>
                    <label>13317</label>
                    <visible>Control.IsEnabled(6)</visible>
                </control>
                <!-- Randomise SlideShow -->
                <control type="radiobutton" id="9">
                    <include condition="!Skin.HasSetting(HorizontalMenus)">Defs_OptionButton2_Horz</include>
                    <include condition="Skin.HasSetting(HorizontalMenus)">Defs_OptionButton2</include>
                    <label>13319</label>
                    <visible>Control.IsEnabled(9)</visible>
                </control>
            </control>
        </control>
    </controls>

</window>