<?xml version="1.0" encoding="UTF-8"?>
<includes>

    <!-- ICON -->
    <include name="Viewtype_Icon">
        <control type="group">
            <visible>Control.IsVisible(500)</visible>
            <control type="group">
                <left>bigpad</left>
                <right>bigpad</right>
                <top>bigpad</top>
                <height>posterh</height>
                <include>Object_Background</include>
                <include content="Object_Scrollbar">
                    <param name="visible" value="Control.IsVisible(500)" />
                </include>
                <include content="View_Icon">
                    <param name="id" value="500" />
                    <param name="name" value="536" />
                    <param name="condition" value="[Container.Content(movies) + [String.IsEqual(Skin.String(Skin.ForcedView.movies),$LOCALIZE[536]) | String.IsEmpty(Skin.String(Skin.ForcedView.movies)) ]] | [Container.Content(sets) + [String.IsEqual(Skin.String(Skin.ForcedView.sets),$LOCALIZE[536]) | String.IsEmpty(Skin.String(Skin.ForcedView.sets)) ]] | [Container.Content(tvshows) + [String.IsEqual(Skin.String(Skin.ForcedView.tvshows),$LOCALIZE[536]) | String.IsEmpty(Skin.String(Skin.ForcedView.tvshows)) ]] | [Container.Content(seasons) + [String.IsEqual(Skin.String(Skin.ForcedView.seasons),$LOCALIZE[536]) | String.IsEmpty(Skin.String(Skin.ForcedView.seasons)) ]] | [Container.Content(episodes) + [String.IsEqual(Skin.String(Skin.ForcedView.episodes),$LOCALIZE[536]) | String.IsEmpty(Skin.String(Skin.ForcedView.episodes)) ]] | [Container.Content(artists) + [String.IsEqual(Skin.String(Skin.ForcedView.artists),$LOCALIZE[536]) | String.IsEmpty(Skin.String(Skin.ForcedView.artists)) ]] | [Container.Content(albums) + [String.IsEqual(Skin.String(Skin.ForcedView.albums),$LOCALIZE[536]) | String.IsEmpty(Skin.String(Skin.ForcedView.albums)) ]] | [Container.Content(images) + [String.IsEqual(Skin.String(Skin.ForcedView.images),$LOCALIZE[536]) | String.IsEmpty(Skin.String(Skin.ForcedView.images)) ]] | [Container.Content(addons) + [String.IsEqual(Skin.String(Skin.ForcedView.addons),$LOCALIZE[536]) | String.IsEmpty(Skin.String(Skin.ForcedView.addons)) ]] | [Container.Content(genres) + [String.IsEqual(Skin.String(Skin.ForcedView.genres),$LOCALIZE[536]) | String.IsEmpty(Skin.String(Skin.ForcedView.genres)) ]] | [Container.Content(years) + [String.IsEqual(Skin.String(Skin.ForcedView.years),$LOCALIZE[536]) | String.IsEmpty(Skin.String(Skin.ForcedView.years)) ]] | [Container.Content(tags) + [String.IsEqual(Skin.String(Skin.ForcedView.tags),$LOCALIZE[536]) | String.IsEmpty(Skin.String(Skin.ForcedView.tags)) ]] | [Container.Content(studios) + [String.IsEqual(Skin.String(Skin.ForcedView.studios),$LOCALIZE[536]) | String.IsEmpty(Skin.String(Skin.ForcedView.studios)) ]] | [Container.Content(files) + [String.IsEqual(Skin.String(Skin.ForcedView.files),$LOCALIZE[536]) | String.IsEmpty(Skin.String(Skin.ForcedView.files)) ]] | [Container.Content(countries) + [String.IsEqual(Skin.String(Skin.ForcedView.countries),$LOCALIZE[536]) | String.IsEmpty(Skin.String(Skin.ForcedView.countries)) ]] | [Container.Content(directors) + [String.IsEqual(Skin.String(Skin.ForcedView.directors),$LOCALIZE[536]) | String.IsEmpty(Skin.String(Skin.ForcedView.directors)) ]] | [Container.Content(actors) + [String.IsEqual(Skin.String(Skin.ForcedView.actors),$LOCALIZE[536]) | String.IsEmpty(Skin.String(Skin.ForcedView.actors)) ]]" />
                </include>

                <include>Object_Arrows_Vertical</include>
            </control>
        </control>
    </include>

    <include name="Viewtype_IconExtra">
        <control type="group">
            <visible>Control.IsVisible(59)</visible>
            <control type="group">
                <left>bigpad</left>
                <right>bigpad</right>
                <top>bigpad</top>
                <height>posterh</height>
                <control type="group">
                    <include condition="!Skin.HasSetting(SwitchSides)">Defs_LeftSide</include>
                    <include condition="Skin.HasSetting(SwitchSides)">Defs_RightSide</include>
                    <include>Object_Background</include>
                    <include content="Object_Scrollbar">
                    <param name="visible" value="Control.IsVisible(59)" />
                </include>
                    <width>listinfow</width>
                    <include content="View_Icon">
                        <param name="id" value="59" />
                        <param name="name" value="31141" />
                        <param name="width" value="listinfow" />
                        <param name="iconitemw" value="iconextraitemw" />
                        <param name="iconpadw" value="iconextrapadw" />
                        <param name="iconpanelpadw" value="iconextrapanelpadw" />
                        <param name="condition" value="[Container.Content(movies) + [String.IsEqual(Skin.String(Skin.ForcedView.movies),$LOCALIZE[31141]) | String.IsEmpty(Skin.String(Skin.ForcedView.movies)) ]] | [Container.Content(sets) + [String.IsEqual(Skin.String(Skin.ForcedView.sets),$LOCALIZE[31141]) | String.IsEmpty(Skin.String(Skin.ForcedView.sets)) ]] | [Container.Content(tvshows) + [String.IsEqual(Skin.String(Skin.ForcedView.tvshows),$LOCALIZE[31141]) | String.IsEmpty(Skin.String(Skin.ForcedView.tvshows)) ]] | [Container.Content(seasons) + [String.IsEqual(Skin.String(Skin.ForcedView.seasons),$LOCALIZE[31141]) | String.IsEmpty(Skin.String(Skin.ForcedView.seasons)) ]] | [Container.Content(artists) + [String.IsEqual(Skin.String(Skin.ForcedView.artists),$LOCALIZE[31141]) | String.IsEmpty(Skin.String(Skin.ForcedView.artists)) ]] | [Container.Content(albums) + [String.IsEqual(Skin.String(Skin.ForcedView.albums),$LOCALIZE[31141]) | String.IsEmpty(Skin.String(Skin.ForcedView.albums)) ]] | [Container.Content(addons) + [String.IsEqual(Skin.String(Skin.ForcedView.addons),$LOCALIZE[31141]) | String.IsEmpty(Skin.String(Skin.ForcedView.addons)) ]]" />
                    </include>
                </control>
                <include>Object_ExtraInfo</include>
                <include>Object_Arrows_Vertical</include>
            </control>
        </control>
    </include>

    <!-- BANNER -->
    <include name="Viewtype_IconWide">
        <control type="group">
            <visible>Control.IsVisible(55)</visible>
            <control type="group">
                <left>bigpad</left>
                <right>bigpad</right>
                <top>bigpad</top>
                <height>posterh</height>
                <include>Object_Background</include>
                <include content="Object_Scrollbar">
                    <param name="visible" value="Control.IsVisible(55)" />
                </include>
                <include content="View_IconWide">
                    <param name="id" value="55" />
                    <param name="name" value="539" />
                    <param name="condition" value="[Container.Content(movies) + [String.IsEqual(Skin.String(Skin.ForcedView.movies),$LOCALIZE[539]) | String.IsEmpty(Skin.String(Skin.ForcedView.movies)) ]] | [Container.Content(sets) + [String.IsEqual(Skin.String(Skin.ForcedView.sets),$LOCALIZE[539]) | String.IsEmpty(Skin.String(Skin.ForcedView.sets)) ]] | [Container.Content(tvshows) + [String.IsEqual(Skin.String(Skin.ForcedView.tvshows),$LOCALIZE[539]) | String.IsEmpty(Skin.String(Skin.ForcedView.tvshows)) ]]" />
                </include>
                <include>Object_Arrows_Vertical</include>
            </control>
        </control>
    </include>

    <!-- FANART THUMBS -->
    <include name="Viewtype_IconFanart">
        <control type="group">
            <visible>Control.IsVisible(56)</visible>
            <control type="group">
                <left>bigpad</left>
                <right>bigpad</right>
                <top>bigpad</top>
                <height>posterh</height>
                <include>Object_Background</include>
                <include content="Object_Scrollbar">
                    <param name="visible" value="Control.IsVisible(56)" />
                </include>
                <include content="View_IconFanart">
                    <param name="id" value="56" />
                    <param name="name" value="20445" />
                    <param name="condition" value="[Container.Content(movies) + [String.IsEqual(Skin.String(Skin.ForcedView.movies),$LOCALIZE[20445]) | String.IsEmpty(Skin.String(Skin.ForcedView.movies)) ]] | [Container.Content(sets) + [String.IsEqual(Skin.String(Skin.ForcedView.sets),$LOCALIZE[20445]) | String.IsEmpty(Skin.String(Skin.ForcedView.sets)) ]] | [Container.Content(tvshows) + [String.IsEqual(Skin.String(Skin.ForcedView.tvshows),$LOCALIZE[20445]) | String.IsEmpty(Skin.String(Skin.ForcedView.tvshows)) ]] | [Container.Content(episodes) + [String.IsEqual(Skin.String(Skin.ForcedView.episodes),$LOCALIZE[20445]) | String.IsEmpty(Skin.String(Skin.ForcedView.episodes)) ]] | [Container.Content(videos) + [String.IsEqual(Skin.String(Skin.ForcedView.videos),$LOCALIZE[20445]) | String.IsEmpty(Skin.String(Skin.ForcedView.videos)) ]] | [Container.Content(artists) + [String.IsEqual(Skin.String(Skin.ForcedView.artists),$LOCALIZE[20445]) | String.IsEmpty(Skin.String(Skin.ForcedView.artists)) ]]" />
                </include>
                <include>Object_Arrows_Vertical</include>
            </control>
        </control>
    </include>

    <include name="View_Icon">
        <param name="updownid" default="true" />
        <param name="width" default="headlinew" />
        <param name="iconitemw" default="iconitemw" />
        <param name="icongenreitemw" default="icongenreitemw" />
        <param name="iconpadw" default="iconpadw" />
        <param name="iconpanelpadw" default="iconpanelpadw" />
        <param name="height" default="690" />
        <param name="orientation" default="vertical" />
        <param name="genres" default="false" />
        <definition>
            <control type="panel" id="$PARAM[id]">
                <top>15</top>
                <left>$PARAM[iconpanelpadw]</left>
                <width>$PARAM[width]</width>
                <height>$PARAM[height]</height>
                <onfocus condition="Window.IsVisible(1131)">SetProperty(list_focus,$PARAM[id],Home)</onfocus>
                <onup condition="$PARAM[updownid]">$PARAM[id]</onup>
                <ondown condition="$PARAM[updownid]">$PARAM[id]</ondown>
                <onup condition="!$PARAM[updownid]">$PARAM[onup]</onup>
                <ondown condition="!$PARAM[updownid]">$PARAM[ondown]</ondown>
                <onright condition="!Skin.HasSetting(KioskMode)">SetFocus(9000)</onright>
                <onleft>60</onleft>
                <onback condition="!String.IsEmpty(Window(home).Property(HubReturn)) + String.IsEqual(Container.FolderPath,Window(home).Property(WindowBaseReturn))">AlarmClock(returnhack,ActivateWindow($INFO[Window(home).Property(HubReturn)]),00:00,silent)</onback>
                <pagecontrol>60</pagecontrol>
                <preloaditems>2</preloaditems>
                <orientation>$PARAM[orientation]</orientation>
                <viewtype label="$PARAM[name]">icons</viewtype>
                <scrolltime tween="quadratic">400</scrolltime>
                <visible>$PARAM[condition]</visible>
                <itemlayout height="345" width="$PARAM[iconitemw]" condition="![Container.Content(genres) | Container.Content(years) | Container.Content(tags) | Container.Content(studios) | Container.Content(countries) | Container.Content(directors)]">
                    <control type="group">
                        <left>$PARAM[iconpadw]</left>
                        <right>$PARAM[iconpadw]</right>
                        <bottom>5</bottom>
                        <top>5</top>
                        <control type="group">
                            <left>pad</left>
                            <right>pad</right>
                            <top>pad</top>
                            <bottom>100</bottom>
                            <control type="textbox">
                                <label>$INFO[ListItem.Label]</label>
                                <font>Font-OSD</font>
                                <align>center</align>
                                <height>64</height>
                                <bottom>-80</bottom>
                                <visible>String.IsEmpty(ListItem.Art(tvshow.poster)) + String.IsEmpty(ListItem.Art(poster))</visible>
                            </control>
                            <control type="image">
                                <include condition="!Skin.HasSetting(global.hideobjectshadows) + !String.IsEqual(Skin.CurrentColourTheme,Light)">Object_Background_Shadows</include>
                                <aspectratio aligny="center">keep</aspectratio>
                                <texture background="true" fallback="DefaultFile.png">$VAR[Image_Poster]</texture>
                                <visible>String.IsEmpty(ListItem.Art(tvshow.poster)) + String.IsEmpty(ListItem.Art(poster))</visible>
                                <visible>!$PARAM[genres]</visible>
                            </control>
                            <control type="image">
                                <include condition="!Skin.HasSetting(global.hideobjectshadows) + !String.IsEqual(Skin.CurrentColourTheme,Light)">Object_Background_Shadows</include>
                                <aspectratio aligny="center">scale</aspectratio>
                                <width>260</width>
                                <height>260</height>
                                <texture background="true" colordiffuse="00ffffff">common/white.png</texture>
                                <visible>String.IsEmpty(ListItem.Art(tvshow.poster)) + String.IsEmpty(ListItem.Art(poster))</visible>
                                <visible>$PARAM[genres]</visible>
                            </control>
                            <control type="image">
                                <top>50</top>
                                <left>50</left>
                                <width>110</width>
                                <height>110</height>
                                <aspectratio aligny="center">keep</aspectratio>
                                <texture background="true" fallback="DefaultFile.png">$VAR[Image_Poster_Genres]</texture>
                                <visible>String.IsEmpty(ListItem.Art(tvshow.poster)) + String.IsEmpty(ListItem.Art(poster))</visible>
                                <visible>$PARAM[genres]</visible>
                            </control>
                        </control>
                        <control type="group">
                            <left>pad</left>
                            <right>pad</right>
                            <top>pad</top>
                            <bottom>pad</bottom>
                            <control type="image">

                                <include condition="!Skin.HasSetting(global.hideobjectshadows) + !String.IsEqual(Skin.CurrentColourTheme,Light)">Object_Background_Shadows</include>
                                <aspectratio>scale</aspectratio>
                                <texture background="true">$VAR[Image_Poster]</texture>
                                <visible>![String.IsEmpty(ListItem.Art(tvshow.poster)) + String.IsEmpty(ListItem.Art(poster))]</visible>
                            </control>
                        </control>
                        <include>Defs_WatchedOverlay</include>
                    </control>
                </itemlayout>
                <itemlayout height="115" width="$PARAM[icongenreitemw]" condition="[Container.Content(genres) | Container.Content(years) | Container.Content(tags) | Container.Content(studios) | Container.Content(countries) | Container.Content(directors)]">
                    <control type="group">
                        <left>$PARAM[iconpadw]</left>
                        <right>$PARAM[iconpadw]</right>
                        <bottom>5</bottom>
                        <top>5</top>
                        <control type="group">
                            <left>pad</left>
                            <right>pad</right>
                            <top>pad</top>
                            <bottom>pad</bottom>
                            <control type="image">
                                <!-- <include condition="!Skin.HasSetting(global.hideobjectshadows) + !String.IsEqual(Skin.CurrentColourTheme,Light)">Object_Background_Shadows</include> -->
                                <aspectratio aligny="center">scale</aspectratio>
                                <texture background="true" colordiffuse="PosterBorder">common/white.png</texture>
                            </control>
                            <control type="label">
                                <label>$INFO[ListItem.Label]</label>
                                <align>center</align>
                                <left>pad</left>
                                <right>pad</right>
                            </control>
                        </control>
                    </control>
                </itemlayout>
                <focusedlayout height="345" width="$PARAM[iconitemw]" condition="![Container.Content(genres) | Container.Content(years) | Container.Content(tags) | Container.Content(studios) | Container.Content(countries) | Container.Content(directors)]">
                    <control type="group">
                        <left>$PARAM[iconpadw]</left>
                        <right>$PARAM[iconpadw]</right>
                        <bottom>5</bottom>
                        <top>5</top>
                        <control type="group">
                            <left>pad</left>
                            <right>pad</right>
                            <top>pad</top>
                            <bottom>100</bottom>
                            <control type="textbox">
                                <label>$INFO[ListItem.Label]</label>
                                <font>Font-OSD</font>
                                <align>center</align>
                                <height>64</height>
                                <bottom>-80</bottom>
                                <visible>String.IsEmpty(ListItem.Art(tvshow.poster)) + String.IsEmpty(ListItem.Art(poster))</visible>
                            </control>
                            <control type="image">
                                <left>-10</left>
                                <right>-10</right>
                                <top>-10</top>
                                <bottom>-10</bottom>
                                <bordersize>10</bordersize>
                                <bordertexture colordiffuse="$VAR[HighlightColor]" border="10">common/border.png</bordertexture>
                                <aspectratio aligny="center">keep</aspectratio>
                                <texture background="true" fallback="DefaultFile.png">$VAR[Image_Poster]</texture>
                                <visible>String.IsEmpty(ListItem.Art(tvshow.poster)) + String.IsEmpty(ListItem.Art(poster))</visible>
                                <visible>!$PARAM[genres]</visible>
                                </control>
                                <control type="image">
                                    <left>-10</left>
                                    <right>-10</right>
                                    <top>-20</top>
                                    <bottom>-10</bottom>
                                    <bordersize>10</bordersize>
                                    <bordertexture colordiffuse="$VAR[HighlightColor]" border="10">common/border.png</bordertexture>
                                    <aspectratio aligny="center">keep</aspectratio>
                                    <texture background="true" colordiffuse="00ffffff" fallback="DefaultFile.png">common/white.png</texture>
                                    <visible>String.IsEmpty(ListItem.Art(tvshow.poster)) + String.IsEmpty(ListItem.Art(poster))</visible>
                                    <visible>$PARAM[genres]</visible>
                                </control>
                                <control type="image">
                                    <top>50</top>
                                    <left>50</left>
                                    <width>110</width>
                                    <height>110</height>
                                    <aspectratio aligny="center">keep</aspectratio>
                                    <texture background="true" fallback="DefaultFile.png">$VAR[Image_Poster_Genres]</texture>
                                    <visible>String.IsEmpty(ListItem.Art(tvshow.poster)) + String.IsEmpty(ListItem.Art(poster))</visible>
                                    <visible>$PARAM[genres]</visible>
                                </control>

                        </control>
                        <control type="image">
                            <bordersize>10</bordersize>
                            <bordertexture colordiffuse="$VAR[HighlightColor]" border="10">common/border.png</bordertexture>
                            <aspectratio>scale</aspectratio>
                            <texture background="true">$VAR[Image_Poster]</texture>
                            <visible>![String.IsEmpty(ListItem.Art(tvshow.poster)) + String.IsEmpty(ListItem.Art(poster))]</visible>
                        </control>
                        <include>Defs_WatchedOverlay_Focus</include>
                    </control>
                </focusedlayout>
                <focusedlayout height="115" width="$PARAM[icongenreitemw]" condition="[Container.Content(genres) | Container.Content(years) | Container.Content(tags) | Container.Content(studios) | Container.Content(countries) | Container.Content(directors)]">
                    <control type="group">
                        <left>$PARAM[iconpadw]</left>
                        <right>$PARAM[iconpadw]</right>
                        <bottom>5</bottom>
                        <top>5</top>
                        <control type="group">
                            <left>pad</left>
                            <right>pad</right>
                            <top>pad</top>
                            <bottom>pad</bottom>
                            <control type="image">
                                <texture background="true" colordiffuse="$VAR[HighlightColor]">common/white.png</texture>
                            </control>
                            <control type="label">
                                <label>$INFO[ListItem.Label]</label>
                                <align>center</align>
                                <left>pad</left>
                                <right>pad</right>
                                <textcolor>Selected</textcolor>
                            </control>
                        </control>
                    </control>
                </focusedlayout>
                <include content="$PARAM[include_name]">
                    <param name="include_target" value="$PARAM[include_target]" />
                    <param name="include_content" value="$PARAM[include_content]" />
                </include>
            </control>
        </definition>
    </include>

    <include name="View_IconWide">
        <param name="updownid" default="true" />
        <param name="width" default="headlinew" />
        <definition>
            <control type="group">
                <width>$PARAM[width]</width>
                <control type="panel" id="$PARAM[id]">
                    <top>15</top>
                    <left>iconwidepanelpadw</left>
                    <width>$PARAM[width]</width>
                    <height>690</height>
                    <onup condition="$PARAM[updownid]">$PARAM[id]</onup>
                    <ondown condition="$PARAM[updownid]">$PARAM[id]</ondown>
                    <onup condition="!$PARAM[updownid]">$PARAM[onup]</onup>
                    <ondown condition="!$PARAM[updownid]">$PARAM[ondown]</ondown>
                    <onright condition="!Skin.HasSetting(KioskMode)">SetFocus(9000)</onright>
                    <onleft>60</onleft>
                    <onback condition="!String.IsEmpty(Window(home).Property(HubReturn)) + String.IsEqual(Container.FolderPath,Window(home).Property(WindowBaseReturn))">AlarmClock(returnhack,ActivateWindow($INFO[Window(home).Property(HubReturn)]),00:00,silent)</onback>
                    <pagecontrol>60</pagecontrol>
                    <preloaditems>2</preloaditems>
                    <orientation>vertical</orientation>
                    <viewtype label="$PARAM[name]">wide</viewtype>
                    <scrolltime tween="quadratic">400</scrolltime>
                    <visible>$PARAM[condition]</visible>
                    <itemlayout height="138" width="iconwideitemw">
                        <control type="group">
                            <left>iconwidepadw</left>
                            <right>iconwidepadw</right>
                            <bottom>9</bottom>
                            <top>9</top>
                            <control type="group">
                                <left>pad</left>
                                <right>pad</right>
                                <top>pad</top>
                                <bottom>pad</bottom>
                                <include>Object_Background</include>
                                <control type="image">
                                    <aspectratio>scale</aspectratio>
                                    <texture background="true">$VAR[Image_Banner]</texture>
                                </control>
                            </control>
                            <include>Defs_WatchedOverlay</include>
                        </control>
                    </itemlayout>
                    <focusedlayout height="138" width="iconwideitemw">
                        <control type="group">
                            <left>iconwidepadw</left>
                            <right>iconwidepadw</right>
                            <bottom>9</bottom>
                            <top>9</top>
                            <control type="image">
                                <texture colordiffuse="$VAR[HighlightColor]">common/white.png</texture>
                            </control>
                            <control type="image">
                                <left>pad</left>
                                <right>pad</right>
                                <top>pad</top>
                                <bottom>pad</bottom>
                                <aspectratio>scale</aspectratio>
                                <texture background="true">$VAR[Image_Banner]</texture>
                            </control>
                            <include>Defs_WatchedOverlay_Focus</include>
                        </control>
                    </focusedlayout>
                </control>
            </control>
        </definition>
    </include>

    <include name="View_IconWide_List">
        <param name="updownid" default="true" />
        <param name="width" default="headlinew" />
        <definition>
            <control type="group">
                <width>$PARAM[width]</width>
                <control type="panel" id="$PARAM[id]">
                    <top>15</top>
                    <left>iconwidepanelpadw</left>
                    <width>$PARAM[width]</width>
                    <height>690</height>
                    <onup condition="$PARAM[updownid]">$PARAM[id]</onup>
                    <ondown condition="$PARAM[updownid]">$PARAM[id]</ondown>
                    <onup condition="!$PARAM[updownid]">$PARAM[onup]</onup>
                    <ondown condition="!$PARAM[updownid]">$PARAM[ondown]</ondown>
                    <onright condition="!Skin.HasSetting(KioskMode)">SetFocus(9000)</onright>
                    <onleft>60</onleft>
                    <onback condition="!String.IsEmpty(Window(home).Property(HubReturn)) + String.IsEqual(Container.FolderPath,Window(home).Property(WindowBaseReturn))">AlarmClock(returnhack,ActivateWindow($INFO[Window(home).Property(HubReturn)]),00:00,silent)</onback>
                    <pagecontrol>60</pagecontrol>
                    <preloaditems>2</preloaditems>
                    <orientation>vertical</orientation>
                    <viewtype label="$PARAM[name]">wide</viewtype>
                    <scrolltime tween="quadratic">400</scrolltime>
                    <visible>$PARAM[condition]</visible>
                    <itemlayout height="172.5" width="690">
                        <control type="group">
                            <left>iconwidepadw</left>
                            <right>iconwidepadw</right>
                            <bottom>16</bottom>
                            <top>16</top>
                            <control type="group">
                                <left>pad</left>
                                <right>pad</right>
                                <top>pad</top>
                                <bottom>pad</bottom>
                                <include>Object_Background</include>
                                <control type="image">
                                    <aspectratio>scale</aspectratio>
                                    <texture background="true">$VAR[Image_Banner]</texture>
                                </control>
                            </control>
                            <include>Defs_WatchedOverlay</include>
                        </control>
                    </itemlayout>
                    <focusedlayout height="172.5" width="690">
                        <control type="group">
                            <left>iconwidepadw</left>
                            <right>iconwidepadw</right>
                            <bottom>16</bottom>
                            <top>16</top>
                            <control type="image">
                                <texture colordiffuse="$VAR[HighlightColor]">common/white.png</texture>
                            </control>
                            <control type="image">
                                <left>pad</left>
                                <right>pad</right>
                                <top>pad</top>
                                <bottom>pad</bottom>
                                <aspectratio>scale</aspectratio>
                                <texture background="true">$VAR[Image_Banner]</texture>
                            </control>
                            <include>Defs_WatchedOverlay_Focus</include>
                        </control>
                    </focusedlayout>
                </control>
            </control>
        </definition>
    </include>

    <include name="View_IconFanart">
        <param name="updownid" default="true" />
        <param name="width" default="headlinew" />
        <param name="posx" default="iconwidepanelpadw" />
        <param name="height" default="690" />
        <param name="orientation" default="vertical" />
        <definition>
            <control type="group">
                <width>$PARAM[width]</width>
                <control type="panel" id="$PARAM[id]">
                    <top>15</top>
                    <left>$PARAM[posx]</left>
                    <width>$PARAM[width]</width>
                    <height>$PARAM[height]</height>
                    <onfocus condition="Window.IsVisible(1131)">SetProperty(list_focus,$PARAM[id],Home)</onfocus>
                    <onup condition="$PARAM[updownid]">$PARAM[id]</onup>
                    <ondown condition="$PARAM[updownid]">$PARAM[id]</ondown>
                    <onup condition="!$PARAM[updownid]">$PARAM[onup]</onup>
                    <ondown condition="!$PARAM[updownid]">$PARAM[ondown]</ondown>
                    <onright condition="!Skin.HasSetting(KioskMode)">SetFocus(9000)</onright>
                    <onleft>60</onleft>
                    <onback condition="!String.IsEmpty(Window(home).Property(HubReturn)) + String.IsEqual(Container.FolderPath,Window(home).Property(WindowBaseReturn))">AlarmClock(returnhack,ActivateWindow($INFO[Window(home).Property(HubReturn)]),00:00,silent)</onback>
                    <pagecontrol>60</pagecontrol>
                    <preloaditems>2</preloaditems>
                    <orientation>$PARAM[orientation]</orientation>
                    <viewtype label="$PARAM[name]">wide</viewtype>
                    <scrolltime tween="quadratic">400</scrolltime>
                    <visible>$PARAM[condition]</visible>
                    <itemlayout height="345" width="iconwideitemw">
                        <control type="group">
                            <left>iconwidepadw</left>
                            <right>iconwidepadw</right>
                            <bottom>5</bottom>
                            <top>5</top>
                            <control type="group">
                                <left>pad</left>
                                <right>pad</right>
                                <top>pad</top>
                                <bottom>pad</bottom>
                                <include>Object_Background</include>
                                <control type="image">
                                    <aspectratio>scale</aspectratio>
                                    <texture background="true">$VAR[Image_Thumb]</texture>
                                </control>
                            </control>
                            <include>Defs_WatchedOverlay</include>
                            <control type="image">
                                <left>pad</left>
                                <right>pad</right>
                                <bottom>pad</bottom>
                                <height>48</height>
                                <texture flipy="true" colordiffuse="ListBG">common/white.png</texture>
                            </control>
                            <control type="label">
                                <left>25</left>
                                <right>25</right>
                                <bottom>pad</bottom>
                                <height>48</height>
                                <font>Font-ListInfo-Small-Bold</font>
                                <label>$INFO[ListItem.Label]</label>
                            </control>
                            <control type="label">
                                <left>25</left>
                                <right>25</right>
                                <bottom>pad</bottom>
                                <height>48</height>
                                <align>right</align>
                                <font>Font-ListInfo-Small</font>
                                <label>$INFO[ListItem.Label2]</label>
                                <visible>!Window.IsVisible(1131)</visible>
                            </control>
                            <control type="label">
                                <left>25</left>
                                <right>25</right>
                                <bottom>pad</bottom>
                                <height>48</height>
                                <align>right</align>
                                <font>Font-ListInfo-Small</font>
                                <label>$INFO[ListItem.TvShowTitle]</label>
                                <visible>Window.IsVisible(1131) + !String.IsEqual(ListItem.TvShowTitle,ListItem.Label)</visible>
                            </control>
                        </control>
                    </itemlayout>
                    <focusedlayout height="345" width="iconwideitemw">
                        <control type="group">
                            <left>iconwidepadw</left>
                            <right>iconwidepadw</right>
                            <bottom>5</bottom>
                            <top>5</top>
                            <control type="image">
                                <texture colordiffuse="$VAR[HighlightColor]">common/white.png</texture>
                            </control>
                            <control type="group">
                                <left>pad</left>
                                <right>pad</right>
                                <top>pad</top>
                                <bottom>pad</bottom>
                                <control type="image">
                                    <aspectratio>scale</aspectratio>
                                    <texture background="true">$VAR[Image_Thumb]</texture>
                                </control>
                            </control>
                            <include>Defs_WatchedOverlay_Focus</include>
                            <control type="image">
                                <left>pad</left>
                                <right>pad</right>
                                <bottom>pad</bottom>
                                <height>48</height>
                                <texture flipy="true" colordiffuse="ListBG">common/white.png</texture>
                            </control>
                            <control type="label">
                                <left>25</left>
                                <right>25</right>
                                <bottom>pad</bottom>
                                <height>48</height>
                                <textcolor>Selected</textcolor>
                                <font>Font-ListInfo-Small-Bold</font>
                                <label>$INFO[ListItem.Label]</label>
                            </control>
                            <control type="label">
                                <left>25</left>
                                <right>25</right>
                                <bottom>pad</bottom>
                                <height>48</height>
                                <align>right</align>
                                <font>Font-ListInfo-Small</font>
                                <textcolor>Selected</textcolor>
                                <label>$INFO[ListItem.Label2]</label>
                                <visible>!Window.IsVisible(1131)</visible>
                            </control>
                            <control type="label">
                                <left>25</left>
                                <right>25</right>
                                <bottom>pad</bottom>
                                <height>48</height>
                                <align>right</align>
                                <font>Font-ListInfo-Small</font>
                                <textcolor>Selected</textcolor>
                                <label>$INFO[ListItem.TvShowTitle]</label>
                                <visible>Window.IsVisible(1131) + !String.IsEqual(ListItem.TvShowTitle,ListItem.Label)</visible>
                            </control>
                        </control>
                    </focusedlayout>
                    <include content="$PARAM[include_name]">
                        <param name="include_target" value="$PARAM[include_target]" />
                        <param name="include_content" value="$PARAM[include_content]" />
                    </include>
                </control>
            </control>
        </definition>
    </include>

</includes>
