<?xml version="1.0" encoding="UTF-8"?>
<window>
	<!-- Aeon MQ 8 -->
	<defaultcontrol always="true">300</defaultcontrol>
	<controls>
		<control type="image">
			<left>0</left>
			<top>0</top>
			<width>1920</width>
			<height>1080</height>
			<texture>black.png</texture>
			<colordiffuse>C3FFFFFF</colordiffuse>
			<include>animation_fade</include>
		</control>
		<control type="group">
			<!-- Default group -->
			<left>-105</left>
			<include>animation_dialogpopup</include>
			<visible>!Window.IsVisible(numericinput)</visible>
			<control type="image">
				<left>254</left>
				<top>207</top>
				<width>45</width>
				<height>666</height>
				<texture flipx="true">shadow.png</texture>
				<colordiffuse>C3FFFFFF</colordiffuse>
			</control>
			<control type="image">
				<left>1826</left>
				<top>207</top>
				<width>45</width>
				<height>666</height>
				<texture>shadow.png</texture>
				<colordiffuse>C3FFFFFF</colordiffuse>
			</control>
			<control type="image">
				<left>302</left>
				<top>208</top>
				<width>1527</width>
				<height>1</height>
				<texture>grey.png</texture>
			</control>
			<control type="image">
				<left>302</left>
				<top>280</top>
				<width>1527</width>
				<height>1</height>
				<texture>grey.png</texture>
			</control>
			<control type="image" id="0">
				<left>302</left>
				<top>207</top>
				<width>1527</width>
				<height>666</height>
				<texture>black.png</texture>
				<colordiffuse>E9FFFFFF</colordiffuse>
			</control>
			<control type="image">
				<left>302</left>
				<top>210</top>
				<width>1527</width>
				<height>69</height>
				<texture>black.png</texture>
				<colordiffuse>90FFFFFF</colordiffuse>
			</control>
			<control type="label" id="311">
				<left>472</left>
				<top>210</top>
				<width>1185</width>
				<height>69</height>
				<align>center</align>
				<aligny>center</aligny>
				<font>font_list</font>
				<textcolor>$INFO[skin.string(colorheader)]</textcolor>				
			</control>
			<control type="image">
				<left>302</left>
				<top>810</top>
				<width>1527</width>
				<height>60</height>
				<texture>grey.png</texture>
				<colordiffuse>90FFFFFF</colordiffuse>
			</control>
			<control type="label" id="313">
				<description>HZCODE label</description>
				<left>316</left>
				<top>900</top>
				<width>1503</width>
				<height>33</height>
				<font>font_list</font>
				<textcolor>FFF8F8F8</textcolor>
				<align>center</align>
				<aligny>center</aligny>
			</control>
			<control type="group">
				<visible>Control.IsVisible(313)</visible>
				<control type="image">
					<left>0</left>
					<top>0</top>
					<width>1290</width>
					<height>153</height>
					<texture border="20">black.png</texture>
				</control>
				<control type="image">
					<left>0</left>
					<top>80</top>
					<width>1290</width>
					<height>3</height>
					<aspectratio>stretch</aspectratio>
					<texture>separator.png</texture>
				</control>				
				<control type="label" id="314">
					<description>HZLIST label</description>
					<left>316</left>
					<top>960</top>
					<width>1503</width>
					<height>33</height>
					<font>font_list</font>
					<textcolor>FFF8F8F8</textcolor>
					<align>center</align>
					<aligny>center</aligny>
				</control>
			</control>
			<control type="edit" id="312">
				<description>Edit Text</description>
				<left>316</left>
				<top>822</top>
				<width>1503</width>
				<height>33</height>
				<font>font_list</font>
				<textcolor>E0101010</textcolor>
				<align>center</align>
				<aligny>center</aligny>
				<onleft>300</onleft>
				<onright>305</onright>
				<onup>32</onup>
				<texturefocus></texturefocus>
				<texturenofocus></texturenofocus>
			</control>
			<control type="group">
				<left>302</left>
				<top>285</top>
				<control type="button" id="300">
					<description>DONE button</description>
					<include>KeyboardDouble</include>
					<left>0</left>
					<top>0</top>
					<width>267</width>
					<height>102</height>
					<label>20177</label>
					<onleft>111</onleft>
					<onright>100</onright>
					<onup>307</onup>
					<ondown>302</ondown>
				</control>
				<control type="button" id="100">
					<description>'1' button</description>
					<include>KeyboardSingle</include>
					<left>270</left>
					<top>0</top>
					<width>102</width>
					<height>102</height>
					<onleft>300</onleft>
					<onright>101</onright>
					<onup>309</onup>
					<ondown>120</ondown>
				</control>
				<control type="button" id="101">
					<description>'2' button</description>
					<include>KeyboardSingle</include>
					<left>375</left>
					<top>0</top>
					<width>102</width>
					<height>102</height>
					<onleft>100</onleft>
					<onright>102</onright>
					<onup>309</onup>
					<ondown>121</ondown>
				</control>
				<control type="button" id="102">
					<description>'3' button</description>
					<include>KeyboardSingle</include>
					<left>480</left>
					<top>0</top>
					<width>102</width>
					<height>102</height>
					<onleft>101</onleft>
					<onright>103</onright>
					<onup>32</onup>
					<ondown>122</ondown>
				</control>
				<control type="button" id="103">
					<description>'4' button</description>
					<include>KeyboardSingle</include>
					<left>585</left>
					<top>0</top>
					<width>102</width>
					<height>102</height>
					<onleft>102</onleft>
					<onright>104</onright>
					<onup>32</onup>
					<ondown>123</ondown>
				</control>
				<control type="button" id="104">
					<description>'5' button</description>
					<include>KeyboardSingle</include>
					<left>690</left>
					<top>0</top>
					<width>102</width>
					<height>102</height>
					<onleft>103</onleft>
					<onright>105</onright>
					<onup>32</onup>
					<ondown>124</ondown>
				</control>
				<control type="button" id="105">
					<description>'6' button</description>
					<include>KeyboardSingle</include>
					<left>795</left>
					<top>0</top>
					<width>102</width>
					<height>102</height>
					<onleft>104</onleft>
					<onright>106</onright>
					<onup>32</onup>
					<ondown>125</ondown>
				</control>
				<control type="button" id="106">
					<description>'7' button</description>
					<include>KeyboardSingle</include>
					<left>900</left>
					<top>0</top>
					<width>102</width>
					<height>102</height>
					<onleft>105</onleft>
					<onright>107</onright>
					<onup>305</onup>
					<ondown>126</ondown>
				</control>
				<control type="button" id="107">
					<description>'8' button</description>
					<include>KeyboardSingle</include>
					<left>1005</left>
					<top>0</top>
					<width>102</width>
					<height>102</height>
					<onleft>106</onleft>
					<onright>108</onright>
					<onup>306</onup>
					<ondown>127</ondown>
				</control>
				<control type="button" id="108">
					<description>'9' button</description>
					<include>KeyboardSingle</include>
					<left>1110</left>
					<top>0</top>
					<width>102</width>
					<height>102</height>
					<onleft>107</onleft>
					<onright>109</onright>
					<onup>306</onup>
					<ondown>128</ondown>
				</control>
				<control type="button" id="109">
					<description>'0' button</description>
					<include>KeyboardSingle</include>
					<left>1215</left>
					<top>0</top>
					<width>102</width>
					<height>102</height>
					<onleft>108</onleft>
					<onright>110</onright>
					<onup>306</onup>
					<ondown>129</ondown>
				</control>
				<control type="button" id="110">
					<description>(0,10) key button</description>
					<include>KeyboardSingle</include>
					<left>1320</left>
					<top>0</top>
					<width>102</width>
					<height>102</height>
					<onleft>109</onleft>
					<onright>111</onright>
					<onup>306</onup>
					<ondown>130</ondown>
				</control>
				<control type="button" id="111">
					<description>(0,11) key button</description>
					<include>KeyboardSingle</include>
					<left>1425</left>
					<top>0</top>
					<width>102</width>
					<height>102</height>
					<onleft>110</onleft>
					<onright>300</onright>
					<onup>306</onup>
					<ondown>131</ondown>
				</control>
				<control type="togglebutton" id="302">
					<description>SHIFT button</description>
					<left>0</left>
					<top>105</top>
					<width>267</width>
					<height>102</height>
					<label>20178</label>
					<onleft>131</onleft>
					<onright>120</onright>
					<onup>300</onup>
					<ondown>303</ondown>
					<texturenofocus>darkgrey.png</texturenofocus>
					<texturefocus>grey.png</texturefocus>
					<alttexturenofocus>grey.png</alttexturenofocus>
					<alttexturefocus>grey.png</alttexturefocus>
					<align>center</align>
					<aligny>center</aligny>
					<textoffsetx>0</textoffsetx>
					<font>font_plot</font>
					<textcolor>FFF8F8F8</textcolor>
				</control>
				<control type="button" id="120">
					<description>'Q' button</description>
					<include>KeyboardSingle</include>
					<left>270</left>
					<top>105</top>
					<width>102</width>
					<height>102</height>
					<onleft>302</onleft>
					<onright>121</onright>
					<onup>100</onup>
					<ondown>140</ondown>
				</control>
				<control type="button" id="121">
					<description>'W' button</description>
					<include>KeyboardSingle</include>
					<left>375</left>
					<top>105</top>
					<width>102</width>
					<height>102</height>
					<onleft>120</onleft>
					<onright>122</onright>
					<onup>101</onup>
					<ondown>141</ondown>
				</control>
				<control type="button" id="122">
					<description>'E' button</description>
					<include>KeyboardSingle</include>
					<left>480</left>
					<top>105</top>
					<width>102</width>
					<height>102</height>
					<onleft>121</onleft>
					<onright>123</onright>
					<onup>102</onup>
					<ondown>142</ondown>
				</control>
				<control type="button" id="123">
					<description>'R' button</description>
					<include>KeyboardSingle</include>
					<left>585</left>
					<top>105</top>
					<width>102</width>
					<height>102</height>
					<onleft>122</onleft>
					<onright>124</onright>
					<onup>103</onup>
					<ondown>143</ondown>
				</control>
				<control type="button" id="124">
					<description>'T' button</description>
					<include>KeyboardSingle</include>
					<left>690</left>
					<top>105</top>
					<width>102</width>
					<height>102</height>
					<onleft>123</onleft>
					<onright>125</onright>
					<onup>104</onup>
					<ondown>144</ondown>
				</control>
				<control type="button" id="125">
					<description>'Y' button</description>
					<include>KeyboardSingle</include>
					<left>795</left>
					<top>105</top>
					<width>102</width>
					<height>102</height>
					<onleft>124</onleft>
					<onright>126</onright>
					<onup>105</onup>
					<ondown>145</ondown>
				</control>
				<control type="button" id="126">
					<description>'U' button</description>
					<include>KeyboardSingle</include>
					<left>900</left>
					<top>105</top>
					<width>102</width>
					<height>102</height>
					<onleft>125</onleft>
					<onright>127</onright>
					<onup>106</onup>
					<ondown>146</ondown>
				</control>
				<control type="button" id="127">
					<description>'I' button</description>
					<include>KeyboardSingle</include>
					<left>1005</left>
					<top>105</top>
					<width>102</width>
					<height>102</height>
					<onleft>126</onleft>
					<onright>128</onright>
					<onup>107</onup>
					<ondown>147</ondown>
				</control>
				<control type="button" id="128">
					<description>'O' button</description>
					<include>KeyboardSingle</include>
					<left>1110</left>
					<top>105</top>
					<width>102</width>
					<height>102</height>
					<onleft>127</onleft>
					<onright>129</onright>
					<onup>108</onup>
					<ondown>148</ondown>
				</control>
				<control type="button" id="129">
					<description>'P' button</description>
					<include>KeyboardSingle</include>
					<left>1215</left>
					<top>105</top>
					<width>102</width>
					<height>102</height>
					<onleft>128</onleft>
					<onright>130</onright>
					<onup>109</onup>
					<ondown>149</ondown>
				</control>
				<control type="button" id="130">
					<description>(1,10) key button</description>
					<include>KeyboardSingle</include>
					<left>1320</left>
					<top>105</top>
					<width>102</width>
					<height>102</height>
					<onleft>129</onleft>
					<onright>131</onright>
					<onup>110</onup>
					<ondown>150</ondown>
				</control>
				<control type="button" id="131">
					<description>(1,11) key button</description>
					<include>KeyboardSingle</include>
					<left>1425</left>
					<top>105</top>
					<width>102</width>
					<height>102</height>
					<onleft>130</onleft>
					<onright>302</onright>
					<onup>111</onup>
					<ondown>151</ondown>
				</control>
				<control type="togglebutton" id="303">
					<description>CAPS LOCK button</description>
					<left>0</left>
					<top>210</top>
					<width>267</width>
					<height>102</height>
					<label>20179</label>
					<textwidth>225</textwidth>
					<onleft>151</onleft>
					<onright>140</onright>
					<onup>302</onup>
					<ondown>304</ondown>
					<texturenofocus>darkgrey.png</texturenofocus>
					<texturefocus>grey.png</texturefocus>
					<alttexturenofocus>black.png</alttexturenofocus>
					<alttexturefocus>grey.png</alttexturefocus>
					<align>center</align>
					<aligny>center</aligny>
					<textoffsetx>0</textoffsetx>
					<font>font_plot</font>
					<textcolor>FFF8F8F8</textcolor>
				</control>
				<control type="button" id="140">
					<description>'A' button</description>
					<include>KeyboardSingle</include>
					<left>270</left>
					<top>210</top>
					<width>102</width>
					<height>102</height>
					<onleft>303</onleft>
					<onright>141</onright>
					<onup>120</onup>
					<ondown>160</ondown>
				</control>
				<control type="button" id="141">
					<description>'S' button</description>
					<include>KeyboardSingle</include>
					<left>375</left>
					<top>210</top>
					<width>102</width>
					<height>102</height>
					<onleft>140</onleft>
					<onright>142</onright>
					<onup>121</onup>
					<ondown>161</ondown>
				</control>
				<control type="button" id="142">
					<description>'D' button</description>
					<include>KeyboardSingle</include>
					<left>480</left>
					<top>210</top>
					<width>102</width>
					<height>102</height>
					<onleft>141</onleft>
					<onright>143</onright>
					<onup>122</onup>
					<ondown>162</ondown>
				</control>
				<control type="button" id="143">
					<description>'F' button</description>
					<include>KeyboardSingle</include>
					<left>585</left>
					<top>210</top>
					<width>102</width>
					<height>102</height>
					<onleft>142</onleft>
					<onright>144</onright>
					<onup>123</onup>
					<ondown>163</ondown>
				</control>
				<control type="button" id="144">
					<description>'G' button</description>
					<include>KeyboardSingle</include>
					<left>690</left>
					<top>210</top>
					<width>102</width>
					<height>102</height>
					<onleft>143</onleft>
					<onright>145</onright>
					<onup>124</onup>
					<ondown>164</ondown>
				</control>
				<control type="button" id="145">
					<description>'H' button</description>
					<include>KeyboardSingle</include>
					<left>795</left>
					<top>210</top>
					<width>102</width>
					<height>102</height>
					<onleft>144</onleft>
					<onright>146</onright>
					<onup>125</onup>
					<ondown>165</ondown>
				</control>
				<control type="button" id="146">
					<description>'J' button</description>
					<include>KeyboardSingle</include>
					<left>900</left>
					<top>210</top>
					<width>102</width>
					<height>102</height>
					<onleft>145</onleft>
					<onright>147</onright>
					<onup>126</onup>
					<ondown>166</ondown>
				</control>
				<control type="button" id="147">
					<description>'K' button</description>
					<include>KeyboardSingle</include>
					<left>1005</left>
					<top>210</top>
					<width>102</width>
					<height>102</height>
					<onleft>146</onleft>
					<onright>148</onright>
					<onup>127</onup>
					<ondown>167</ondown>
				</control>
				<control type="button" id="148">
					<description>'L' button</description>
					<include>KeyboardSingle</include>
					<left>1110</left>
					<top>210</top>
					<width>102</width>
					<height>102</height>
					<onleft>147</onleft>
					<onright>149</onright>
					<onup>128</onup>
					<ondown>168</ondown>
				</control>
				<control type="button" id="149">
					<description>(2,9) key button</description>
					<include>KeyboardSingle</include>
					<left>1215</left>
					<top>210</top>
					<width>102</width>
					<height>102</height>
					<onleft>148</onleft>
					<onright>150</onright>
					<onup>129</onup>
					<ondown>169</ondown>
				</control>
				<control type="button" id="150">
					<description>(2,10) key button</description>
					<include>KeyboardSingle</include>
					<left>1320</left>
					<top>210</top>
					<width>102</width>
					<height>102</height>
					<onleft>149</onleft>
					<onright>151</onright>
					<onup>130</onup>
					<ondown>170</ondown>
				</control>
				<control type="button" id="151">
					<description>(2,11) key button</description>
					<include>KeyboardSingle</include>
					<left>1425</left>
					<top>210</top>
					<width>102</width>
					<height>102</height>
					<onleft>150</onleft>
					<onright>303</onright>
					<onup>131</onup>
					<ondown>171</ondown>
				</control>
				<control type="button" id="304">
					<description>Symbols button</description>
					<left>0</left>
					<top>315</top>
					<width>267</width>
					<height>102</height>
					<label>@#!*   </label>
					<textwidth>225</textwidth>
					<onleft>171</onleft>
					<onright>160</onright>
					<onup>303</onup>
					<ondown>307</ondown>
					<texturenofocus>darkgrey.png</texturenofocus>
					<texturefocus>grey.png</texturefocus>
					<align>center</align>
					<aligny>center</aligny>
					<font>font_plot</font>
					<textcolor>FFF8F8F8</textcolor>
				</control>
				<control type="button" id="160">
					<description>'RETURN' button</description>
					<include>KeyboardSingle</include>
					<left>270</left>
					<top>315</top>
					<width>102</width>
					<height>102</height>
					<onleft>304</onleft>
					<onright>161</onright>
					<onup>140</onup>
					<ondown>309</ondown>
				</control>
				<control type="button" id="161">
					<description>'Z' button</description>
					<include>KeyboardSingle</include>
					<left>375</left>
					<top>315</top>
					<width>102</width>
					<height>102</height>
					<onleft>160</onleft>
					<onright>162</onright>
					<onup>141</onup>
					<ondown>309</ondown>
				</control>
				<control type="button" id="162">
					<description>'X' button</description>
					<include>KeyboardSingle</include>
					<left>480</left>
					<top>315</top>
					<width>102</width>
					<height>102</height>
					<onleft>161</onleft>
					<onright>163</onright>
					<onup>142</onup>
					<ondown>32</ondown>
				</control>
				<control type="button" id="163">
					<description>'C' button</description>
					<left>585</left>
					<top>315</top>
					<width>102</width>
					<height>102</height>
					<onleft>162</onleft>
					<onright>164</onright>
					<onup>143</onup>
					<ondown>32</ondown>
					<include>KeyboardSingle</include>
				</control>
				<control type="button" id="164">
					<description>'V' button</description>
					<include>KeyboardSingle</include>
					<left>690</left>
					<top>315</top>
					<width>102</width>
					<height>102</height>
					<onleft>163</onleft>
					<onright>165</onright>
					<onup>144</onup>
					<ondown>32</ondown>
				</control>
				<control type="button" id="165">
					<description>'B' button</description>
					<include>KeyboardSingle</include>
					<left>795</left>
					<top>315</top>
					<width>102</width>
					<height>102</height>
					<onleft>164</onleft>
					<onright>166</onright>
					<onup>145</onup>
					<ondown>32</ondown>
				</control>
				<control type="button" id="166">
					<description>'N' button</description>
					<include>KeyboardSingle</include>
					<left>900</left>
					<top>315</top>
					<width>102</width>
					<height>102</height>
					<onleft>165</onleft>
					<onright>167</onright>
					<onup>146</onup>
					<ondown>305</ondown>
				</control>
				<control type="button" id="167">
					<description>'M' button</description>
					<include>KeyboardSingle</include>
					<left>1005</left>
					<top>315</top>
					<width>102</width>
					<height>102</height>
					<onleft>166</onleft>
					<onright>168</onright>
					<onup>147</onup>
					<ondown>8</ondown>
				</control>
				<control type="button" id="168">
					<description>(3,8) key button</description>
					<include>KeyboardSingle</include>
					<left>1110</left>
					<top>315</top>
					<width>102</width>
					<height>102</height>
					<onleft>167</onleft>
					<onright>169</onright>
					<onup>148</onup>
					<ondown>305</ondown>
				</control>
				<control type="button" id="169">
					<description>(3,9) key button</description>
					<include>KeyboardSingle</include>
					<left>1215</left>
					<top>315</top>
					<width>102</width>
					<height>102</height>
					<onleft>168</onleft>
					<onright>170</onright>
					<onup>149</onup>
					<ondown>305</ondown>
				</control>
				<control type="button" id="170">
					<description>(3,10) key button</description>
					<include>KeyboardSingle</include>
					<left>1320</left>
					<top>315</top>
					<width>102</width>
					<height>102</height>
					<onleft>169</onleft>
					<onright>171</onright>
					<onup>150</onup>
					<ondown>306</ondown>
				</control>
				<control type="button" id="171">
					<description>(3,11) key button</description>
					<include>KeyboardSingle</include>
					<left>1425</left>
					<top>315</top>
					<width>102</width>
					<height>102</height>
					<onleft>170</onleft>
					<onright>304</onright>
					<onup>151</onup>
					<ondown>306</ondown>
				</control>
				<control type="button" id="307">
					<description>IP Input button</description>
					<include>KeyboardDouble</include>
					<left>0</left>
					<top>420</top>
					<width>267</width>
					<height>102</height>
					<label>IP</label>
					<onleft>306</onleft>
					<onright>309</onright>
					<onup>304</onup>
					<ondown>300</ondown>
				</control>
				<control type="button" id="309">
					<description>Layout button</description>
					<include>KeyboardDouble</include>
					<left>270</left>
					<top>420</top>
					<width>207</width>
					<height>102</height>
					<label>20177</label>
					<textwidth>180</textwidth>
					<onleft>307</onleft>
					<onright>32</onright>
					<onup>160</onup>
					<ondown>109</ondown>
					<texturenofocus>darkgrey.png</texturenofocus>
					<texturefocus>grey.png</texturefocus>
					<align>center</align>
					<aligny>center</aligny>
					<font>font_plot</font>
				</control>
				<control type="button" id="32">
					<description>SPACE button</description>
					<left>480</left>
					<top>420</top>
					<width>417</width>
					<height>102</height>
					<label>20182</label>
					<textwidth>570</textwidth>
					<onleft>309</onleft>
					<onright>8</onright>
					<onup>162</onup>
					<ondown>109</ondown>
					<texturenofocus>darkgrey.png</texturenofocus>
					<texturefocus>grey.png</texturefocus>
					<align>center</align>
					<aligny>center</aligny>
					<font>font_plot</font>
					<textcolor>FFF8F8F8</textcolor>
				</control>
				<control type="button" id="8">
					<description>BACKSPACE button</description>
					<left>900</left>
					<top>420</top>
					<width>207</width>
					<height>102</height>
					<label>20181</label>
					<textwidth>375</textwidth>
					<onleft>32</onleft>
					<onright>305</onright>
					<onup>167</onup>
					<ondown>305</ondown>
					<texturenofocus>darkgrey.png</texturenofocus>
					<texturefocus>grey.png</texturefocus>
					<align>center</align>
					<aligny>center</aligny>
					<font>font_plot</font>
					<textcolor>FFF8F8F8</textcolor>
				</control>
				<control type="button" id="305">
					<description>previous button</description>
					<include>KeyboardDouble</include>
					<left>1110</left>
					<top>420</top>
					<width>207</width>
					<height>102</height>
					<label>&lt;</label>
					<onleft>8</onleft>
					<onright>306</onright>
					<onup>168</onup>
					<ondown>105</ondown>
				</control>
				<control type="button" id="306">
					<description>next button</description>
					<include>KeyboardDouble</include>
					<left>1320</left>
					<top>420</top>
					<width>207</width>
					<height>102</height>
					<label>&gt;</label>
					<onleft>305</onleft>
					<onright>307</onright>
					<onup>169</onup>
					<ondown>108</ondown>
				</control>
			</control>
		</control>
	</controls>
</window>
