<?xml version="1.0" encoding="UTF-8"?>
<window>
	<!-- Aeon MQ 8 -->
	<defaultcontrol always="true">149</defaultcontrol>
	<onload condition="System.HasAddon(script.artistslideshow)">RunScript(script.artistslideshow)</onload>
	<onload condition="!System.HasAddon(script.extendedinfo)">InstallAddon(script.extendedinfo)</onload>
	<controls>
		<control type="group">
			<!-- default group -->
			<include>animation_window</include>
			<animation effect="slide" start="0" end="-1920" time="400" tween="cubic" easing="inout" condition="String.IsEqual(Window.Property(script.extendedinfo.isactive),1)">Conditional</animation>
			<control type="multiimage">
				<!-- Multi Fanart -->
				<include>backgroundspecs_multi</include>
				<imagepath fallback="special://skin/backgrounds/music.jpg" background="true">$VAR[musicfanart]</imagepath>
			</control>
			<control type="image">
				<!-- Single Fanart -->
				<include>backgroundspecs_single</include>
				<texture background="true">$VAR[defaultmusicfanart]</texture>
			</control>
			<control type="multiimage" id="5032">
				<!-- Extra Fanart Artist/Album -->
				<include>backgroundspecs_multi</include>
				<imagepath background="true">$INFO[skin.string(CustomMusicLogoPath)]$INFO[ListItem.Artist,,/extrafanart/]</imagepath>
				<visible>[Container.Content(artists) | Container.Content(albums)] + String.Contains(skin.string(musicfanart),extra)</visible>
			</control>
			<control type="multiimage" id="5033">
				<!-- Extra Fanart Song -->
				<include>backgroundspecs_multi</include>
				<imagepath background="true">$INFO[ListItem.Path]extrafanart/</imagepath>
				<visible>Container.Content(songs) + String.Contains(skin.string(musicfanart),extra)</visible>
			</control>
			<control type="image">
				<left>0</left>
				<top>0</top>
				<height>225</height>
				<width>1920</width>
				<texture flipy="true">shadow_mask.png</texture>
				<colordiffuse>75000000</colordiffuse>
			</control>
			<control type="label">
				<!-- Artist -->
				<left>45</left>
				<top>12</top>
				<width>1650</width>
				<height>60</height>
				<font>font_title</font>
				<label>$VAR[music_title]</label>
				<textcolor>FFF8F8F8</textcolor>
				<scroll>true</scroll>
			</control>
			<control type="label">
				<left>45</left>
				<top>75</top>
				<width>1650</width>
				<height>38</height>
				<font>font_subtitle</font>
				<label>$VAR[music_subtitle]</label>
				<textcolor>90FFFFFF</textcolor>
				<scroll>true</scroll>
			</control>
			<control type="image">
				<!-- Star -->
				<left>1768</left>
				<top>8</top>
				<width>110</width>
				<height>110</height>
				<align>center</align>
				<aligny>center</aligny>
				<texture>star.png</texture>
				<colordiffuse>$INFO[skin.string(colorheader)]</colordiffuse>
			</control>
			<control type="label">
				<left>1778</left>
				<top>22</top>
				<width>90</width>
				<height>90</height>
				<align>center</align>
				<aligny>center</aligny>
				<font>font_plot</font>
				<label>[B]$INFO[ListItem.UserRating][/B]</label>
				<textcolor>E0101010</textcolor>
			</control>
			<control type="image">
				<left>0</left>
				<top>120</top>
				<width>1920</width>
				<height>579</height>
				<texture>$VAR[texture_base]</texture>
				<colordiffuse>$INFO[skin.string(colortexture)]</colordiffuse>
				<include>animation_defaultglass</include>
			</control>
			<control type="image">
				<left>0</left>
				<top>0</top>
				<width>1920</width>
				<height>120</height>
				<texture>gradient_small.png</texture>
			</control>
			<control type="image">
				<left>308</left>
				<top>120</top>
				<height>285</height>
				<width>3</width>
				<texture>separator_v.png</texture>
			</control>
			<control type="image">
				<left>0</left>
				<top>204</top>
				<height>3</height>
				<width>1029</width>
				<texture>separator.png</texture>
			</control>
			<!-- Year -->
			<control type="label">
				<left>330</left>
				<top>120</top>
				<height>60</height>
				<width>165</width>
				<align>left</align>
				<aligny>center</aligny>
				<font>font_list</font>
				<label>$INFO[ListItem.Year]</label>
				<animation effect="slide" end="0,15" condition="!Container.Content(songs)">True</animation>
			</control>
			<!-- Genre -->
			<control type="label">
				<left>330</left>
				<top>154</top>
				<height>60</height>
				<width>735</width>
				<align>left</align>
				<aligny>center</aligny>
				<font>font_list</font>
				<label>$INFO[ListItem.Genre]</label>
				<scroll>true</scroll>
				<visible>Container.Content(songs)</visible>
			</control>
			<control type="group">
				<top>215</top>
				<control type="label">
					<include>musicinfolabel</include>
					<top>0</top>
					<label>$VAR[ground11_label]</label>
				</control>
				<control type="label">
					<include>musicinfovalue</include>
					<top>0</top>
					<label>$VAR[ground11_value]</label>
				</control>
				<control type="label">
					<include>musicinfolabel</include>
					<top>30</top>
					<label>$VAR[ground12_label]</label>
				</control>
				<control type="label">
					<include>musicinfovalue</include>
					<top>30</top>
					<label>$VAR[ground12_value]</label>
				</control>
				<control type="label">
					<include>musicinfolabel</include>
					<top>60</top>
					<label>$VAR[ground13_label]</label>
				</control>
				<control type="label">
					<include>musicinfovalue</include>
					<top>60</top>
					<label>$VAR[ground13_value]</label>
				</control>
				<!-- Written -->
				<control type="label">
					<include>musicinfolabel</include>
					<top>90</top>
					<label>$VAR[ground15_label]</label>
				</control>
				<control type="label">
					<include>musicinfovalue</include>
					<top>90</top>
					<label>$VAR[ground15_value]</label>
				</control>
				<!-- Written/Status -->
				<control type="label">
					<include>musicinfolabel</include>
					<top>120</top>
					<label>$VAR[ground16_label]</label>
				</control>
				<control type="label">
					<include>musicinfovalue</include>
					<top>120</top>
					<label>$VAR[ground16_value]</label>
				</control>
			</control>
			<control type="image">
				<left>0</left>
				<top>405</top>
				<height>3</height>
				<width>1029</width>
				<texture>separator.png</texture>
			</control>
			<!-- Plot -->
			<control type="textbox">
				<left>45</left>
				<top>420</top>
				<width>952</width>
				<height>262</height>
				<align>justify</align>
				<font>font_plot</font>
				<label>$VAR[songinfo_plot]</label>
				<autoscroll delay="15000" time="5000" repeat="15000">!Skin.HasSetting(noinfoplotscroll)</autoscroll>
			</control>
			<!-- Artist -->
			<control type="multiimage">
				<left>1030</left>
				<top>120</top>
				<height>579</height>
				<width>844</width>
				<timeperimage>5000</timeperimage>
				<randomize>true</randomize>
				<fadetime>commonfadetime</fadetime>
				<aspectratio align="left">keep</aspectratio>
				<imagepath fallback="DefaultAudioCover.png" background="true">$INFO[Window(Visualisation).Property(ArtistSlideshow)]</imagepath>
				<visible>[String.IsEqual(ListItem.DBType,album) | String.IsEqual(ListItem.DBType,song)] + !String.IsEmpty(Window(Visualisation).Property(ArtistSlideshow))</visible>
			</control>
			<!-- Thumb -->
			<control type="image">
				<left>1030</left>
				<top>120</top>
				<height>579</height>
				<width>844</width>
				<aspectratio align="left">keep</aspectratio>
				<texture background="true">$VAR[songinfo_thumb]</texture>
				<visible>String.IsEqual(ListItem.DBType,album) | String.IsEqual(ListItem.DBType,song) | String.IsEqual(ListItem.DBType,artist)</visible>
			</control>
			<control type="image">
				<left>1029</left>
				<top>120</top>
				<height>579</height>
				<width>3</width>
				<texture>separator_v.png</texture>
			</control>
			<control type="image">
				<left>0</left>
				<top>120</top>
				<height>3</height>
				<width>1920</width>
				<texture>separator.png</texture>
			</control>
			<!-- Fundo do rodape -->
			<control type="image">
				<left>0</left>
				<top>975</top>
				<width>1920</width>
				<height>105</height>
				<texture>shadow_mask.png</texture>
				<colordiffuse>$INFO[skin.string(colorfloor)]</colordiffuse>
			</control>
			<!-- Etiquetas -->
			<control type="image">
				<left>0</left>
				<top>1023</top>
				<height>57</height>
				<width>1920</width>
				<texture colordiffuse="cc505050">shadow_mask.png</texture>
				<visible>Skin.HasSetting(texture_white)</visible>
			</control>
			<control type="grouplist">
				<left>30</left>
				<top>1023</top>
				<orientation>horizontal</orientation>
				<itemgap>50</itemgap>
				<animation effect="slide" start="0,450" end="0,0" time="500" tween="sine" easing="out">WindowOpen</animation>
				<animation effect="slide" start="0,450" end="0,0" time="500" tween="sine" easing="out">Visible</animation>
				<animation effect="slide" start="0,0" end="0,450" time="500" tween="sine" easing="in">Hidden</animation>
				<visible>Control.HasFocus(149)</visible>
				<!-- Gravadora -->
				<include content="mediaflags_common">
					<param name="flag_id" value="401" />
					<param name="flag" value="$VAR[recordlabels_path]$INFO[ListItem.Property(Album_Label),,.png]" />
					<param name="separator" value="true" />
				</include>
				<!-- Audio Codec -->
				<include content="mediaflags_common">
					<param name="flag_id" value="402" />
					<param name="flag" value="$VAR[songinfo_codec]" />
					<param name="separator" value="true" />
				</include>
				<!-- Canais -->
				<include content="mediaflags_common">
					<param name="flag_id" value="403" />
					<param name="flag" value="$VAR[songinfo_channels]" />
					<param name="separator" value="false" />
				</include>
			</control>
			<!-- Discografia -->
			<control type="group">
				<left>0</left>
				<top>1028</top>
				<animation effect="slide" start="0,450" end="0,0" time="500" tween="sine" easing="out">WindowOpen</animation>
				<animation effect="slide" start="0,450" end="0,0" time="500" tween="sine" easing="out">Visible</animation>
				<animation effect="slide" start="0,0" end="0,450" time="500" tween="sine" easing="in">Hidden</animation>
				<visible>Control.HasFocus(50)</visible>
				<control type="label">
					<left>0</left>
					<top>4</top>
					<width>1920</width>
					<height>35</height>
					<align>center</align>
					<aligny>center</aligny>
					<label>31939</label>
					<font>font_plot</font>
					<textcolor>$INFO[skin.string(colorflags)]</textcolor>
					<visible>Container(50).IsUpdating</visible>
				</control>
				<!-- Discografia -->
				<control type="label">
					<left>45</left>
					<top>4</top>
					<width>975</width>
					<height>35</height>
					<align>left</align>
					<aligny>center</aligny>
					<font>font_plot</font>
					<label>$LOCALIZE[21888]: $INFO[Container(50).NumItems] $LOCALIZE[132]</label>
					<textcolor>$INFO[skin.string(colorflags)]</textcolor>
					<scroll>true</scroll>
				</control>
				<!-- Nome do album -->
				<control type="label">
					<left>472</left>
					<top>4</top>
					<width>975</width>
					<height>35</height>
					<align>center</align>
					<aligny>center</aligny>
					<font>font_list</font>
					<label>$INFO[Container(50).ListItem.Label]</label>
					<textcolor>$INFO[skin.string(colorflags)]</textcolor>
					<scroll>true</scroll>
					<visible>Control.HasFocus(50)</visible>
				</control>
			</control>
			<control type="image">
				<left>0</left>
				<top>1020</top>
				<height>64</height>
				<width>1920</width>
				<texture>gradient_small.png</texture>
			</control>
			<!-- Cast -->
			<control type="image">
				<left>0</left>
				<top>1018</top>
				<width>1920</width>
				<height>45</height>
				<texture flipy="true">shadow_h.png</texture>
				<colordiffuse>C3FFFFFF</colordiffuse>
			</control>
			<control type="image">
				<left>0</left>
				<top>741</top>
				<height>279</height>
				<width>1920</width>
				<texture>$VAR[texture_base]</texture>
				<colordiffuse>$INFO[skin.string(colortexture)]</colordiffuse>
				<include>animation_defaultglass2</include>
			</control>
			<control type="group">
				<control type="list" id="50">
					<viewtype label="List">List Info</viewtype>
					<left>78</left>
					<top>738</top>
					<width>1800</width>
					<height>330</height>
					<onup>149</onup>
					<ondown>Skin.Reset(artistzoom)</ondown>
					<ondown>SetFocus(160)</ondown>
					<ondown>Skin.SetBool(coverzoom)</ondown>
					<orientation>horizontal</orientation>
					<scrolltime>350</scrolltime>
					<focusposition>2</focusposition>
					<movement>2</movement>
					<itemlayout height="255" width="372">
						<control type="image">
							<left>0</left>
							<top>8</top>
							<width>270</width>
							<height>270</height>
							<texture>dialogs_busy.png</texture>
							<aspectratio align="center" aligny="bottom">keep</aspectratio>
							<animation effect="rotate" end="-360" center="auto" time="2000" loop="true" reversible="false" condition="true">Conditional</animation>
							<visible>Container(50).IsUpdating</visible>
						</control>
						<control type="image">
							<left>0</left>
							<top>8</top>
							<width>270</width>
							<height>270</height>
							<aligny>center</aligny>
							<align>left</align>
							<aspectratio>scale</aspectratio>
							<texture fallback="DefaultAudioCover.png" background="true">$INFO[ListItem.Icon]</texture>
							<bordertexture border="-2">black.png</bordertexture>
							<colordiffuse>FF909090</colordiffuse>
							<visible>!Container(50).IsUpdating</visible>
						</control>
					</itemlayout>
					<focusedlayout height="255" width="372">
						<control type="image">
							<left>0</left>
							<top>8</top>
							<width>270</width>
							<height>270</height>
							<texture>dialogs_busy.png</texture>
							<aspectratio align="center" aligny="bottom">keep</aspectratio>
							<animation effect="rotate" end="-360" center="auto" time="2000" loop="true" reversible="false" condition="true">Conditional</animation>
							<visible>Container(50).IsUpdating</visible>
						</control>
						<control type="image">
							<left>0</left>
							<top>8</top>
							<width>270</width>
							<height>270</height>
							<aligny>center</aligny>
							<align>left</align>
							<aspectratio>scale</aspectratio>
							<texture fallback="DefaultAudioCover.png" background="true">$INFO[ListItem.Icon]</texture>
							<bordertexture border="-2">black.png</bordertexture>
							<colordiffuse>FF909090</colordiffuse>
							<include>animation_fade</include>
							<visible>![Control.HasFocus(50) | Container(50).IsUpdating]</visible>
						</control>
						<control type="image">
							<left>0</left>
							<top>8</top>
							<width>270</width>
							<height>270</height>
							<aligny>center</aligny>
							<align>left</align>
							<aspectratio>scale</aspectratio>
							<texture fallback="DefaultAudioCover.png" background="true">$INFO[ListItem.Icon]</texture>
							<bordertexture border="-2">grey.png</bordertexture>
							<include>animation_fade</include>
							<visible>Control.HasFocus(50) + !Container(50).IsUpdating</visible>
						</control>
					</focusedlayout>
					<content>plugin://script.extendedinfo?info=discography&amp;&amp;artistname=$INFO[ListItem.Artist]</content>
				</control>
			</control>
			<!-- Menu bar -->
			<control type="group">
				<left>0</left>
				<top>698</top>
				<control type="image">
					<left>0</left>
					<top>-45</top>
					<width>1920</width>
					<height>45</height>
					<texture>shadow_h.png</texture>
					<colordiffuse>C3FFFFFF</colordiffuse>
				</control>
				<control type="image">
					<left>0</left>
					<top>44</top>
					<width>1920</width>
					<height>45</height>
					<texture flipy="true">shadow_h.png</texture>
					<colordiffuse>C3FFFFFF</colordiffuse>
				</control>
				<control type="image">
					<left>0</left>
					<top>0</top>
					<width>1920</width>
					<height>45</height>
					<texture>$VAR[texture_base]</texture>
					<colordiffuse>$INFO[skin.string(colortexture)]</colordiffuse>
					<include>animation_defaultglass2</include>
				</control>
				<control type="list" id="149">
					<left>0</left>
					<top>4</top>
					<width>1920</width>
					<height>38</height>
					<onup condition="Container(149).HasFocus(4)">IncreaseRating</onup>
					<ondown condition="Container(149).HasFocus(4)">DecreaseRating</ondown>
					<ondown condition="!Container(149).HasFocus(4)">50</ondown>
					<orientation>horizontal</orientation>
					<pagecontrol></pagecontrol>
					<scrolltime>300</scrolltime>
					<focusposition>3</focusposition>
					<itemlayout height="38" width="273">
						<control type="image">
							<left>0</left>
							<top>0</top>
							<width>1</width>
							<height>38</height>
							<texture>separator_v.png</texture>
						</control>
						<control type="label">
							<left>15</left>
							<top>0</top>
							<height>38</height>
							<width>243</width>
							<align>center</align>
							<aligny>center</aligny>
							<font>font_button</font>
							<label>$INFO[ListItem.Label]</label>
							<textcolor>$INFO[skin.string(colortextlist)]</textcolor>
						</control>
					</itemlayout>
					<focusedlayout height="38" width="273">
						<control type="image">
							<left>0</left>
							<top>-2</top>
							<width>273</width>
							<height>40</height>
							<texture colordiffuse="$INFO[skin.string(colortext)]">white.png</texture>
							<animation effect="fade" start="100" end="50" time="0" condition="!Control.Hasfocus(149)">conditional</animation>
						</control>
						<control type="image">
							<left>9</left>
							<top>4</top>
							<width>30</width>
							<height>30</height>
							<texture>arrow_down.png</texture>
							<colordiffuse>E0101010</colordiffuse>
							<visible>Container(149).HasFocus(4)</visible>
						</control>
						<control type="image">
							<left>234</left>
							<top>4</top>
							<width>30</width>
							<height>30</height>
							<texture>arrow_up.png</texture>
							<colordiffuse>E0101010</colordiffuse>
							<visible>Container(149).HasFocus(4)</visible>
						</control>
						<control type="image">
							<left>0</left>
							<top>0</top>
							<width>1</width>
							<height>38</height>
							<texture>separator_v.png</texture>
						</control>
						<control type="label">
							<left>15</left>
							<top>0</top>
							<height>38</height>
							<width>243</width>
							<align>center</align>
							<aligny>center</aligny>
							<font>font_button</font>
							<label>$INFO[ListItem.Label]</label>
							<textcolor>$INFO[skin.string(colortextfocused)]</textcolor>
							<visible>Control.Hasfocus(149)</visible>
						</control>
						<control type="label">
							<left>15</left>
							<top>0</top>
							<height>38</height>
							<width>243</width>
							<align>center</align>
							<aligny>center</aligny>
							<font>font_button</font>
							<label>$INFO[ListItem.Label]</label>
							<textcolor>80FFFAF0</textcolor>
							<visible>!Control.Hasfocus(149)</visible>
						</control>
					</focusedlayout>
					<content>
						<!-- Get Thumb -->
						<item id="1">
							<label>13405</label>
							<onclick>SendClick(10)</onclick>
							<visible>!Skin.HasSetting(kioskininfo)</visible>
						</item>
						<!-- Get Fanart -->
						<item id="2">
							<label>20413</label>
							<onclick>SendClick(12)</onclick>
							<visible>!Skin.HasSetting(kioskininfo)</visible>
						</item>
						<!-- Refresh -->
						<item id="3">
							<label>31695</label>
							<onclick>SendClick(6)</onclick>
							<visible>!Skin.HasSetting(kioskininfo)</visible>
						</item>
						<!-- Artist Zoom -->
						<item id="5">
							<label>31944</label>
							<onclick>Skin.Reset(coverzoom)</onclick>
							<onclick>Skin.SetBool(artistzoom)</onclick>
							<onclick>SetFocus(160)</onclick>
						</item>
						<!-- Increase/Decrease rating -->
						<item id="7">
							<label>38023</label>
							<onclick>SendClick(7)</onclick>
							<visible>!Skin.HasSetting(kioskininfo)</visible>
						</item>
						<!-- Video Clips -->
						<item id="16">
							<label>31949</label>
							<onclick>Dialog.Close(135)</onclick>
							<onclick>Skin.SetBool(musictrailers)</onclick>
							<onclick condition="!String.IsEqual(ListItem.DBType,song)">RunScript(script.extendedinfo,info=youtubebrowser,id=$INFO[ListItem.Artist] $INFO[ListItem.Album])</onclick>
							<onclick condition="String.IsEqual(ListItem.DBType,song)">RunScript(script.extendedinfo,info=youtubebrowser,id=$INFO[ListItem.Artist] $INFO[ListItem.Title])</onclick>
						</item>
					</content>
				</control>
			</control>
		</control>
		<control type="button" id="160">
			<include>invisible</include>
			<onup condition="Skin.HasSetting(artistzoom)">SetFocus(149)</onup>
			<onup condition="Skin.HasSetting(coverzoom)">SetFocus(50)</onup>
			<ondown condition="Skin.HasSetting(artistzoom)">SetFocus(149)</ondown>
			<ondown condition="Skin.HasSetting(coverzoom)">SetFocus(50)</ondown>
			<onleft condition="Skin.HasSetting(artistzoom)">SetFocus(149)</onleft>
			<onleft condition="Skin.HasSetting(coverzoom)">SetFocus(50)</onleft>
			<onright condition="Skin.HasSetting(artistzoom)">SetFocus(149)</onright>
			<onright condition="Skin.HasSetting(coverzoom)">SetFocus(50)</onright>
		</control>
		<control type="image">
			<left>0</left>
			<top>0</top>
			<width>1920</width>
			<height>1080</height>
			<texture>darkgrey.png</texture>
			<animation effect="fade" start="0" end="100" time="200">Visible</animation>
			<animation effect="fade" start="100" end="0" time="400">Hidden</animation>
			<visible>Control.HasFocus(160)</visible>
		</control>
		<control type="image">
			<left>0</left>
			<top>0</top>
			<width>1920</width>
			<height>1080</height>
			<texture>black.png</texture>
			<colordiffuse>A4303030</colordiffuse>
			<animation effect="fade" start="0" end="100" time="200">Visible</animation>
			<animation effect="fade" start="100" end="0" time="400">Hidden</animation>
			<visible>Control.HasFocus(160)</visible>
		</control>
		<control type="group">
			<left>-1920</left>
			<top>22</top>
			<animation effect="slide" start="0,0" end="1920,0" time="400" tween="cubic" easing="inout" condition="Control.HasFocus(160)">Conditional</animation>
			<animation effect="slide" start="0,0" end="0,-38" time="600" delay="1000" tween="cubic" easing="inout" condition="Control.HasFocus(160)">Conditional</animation>
			<control type="image">
				<description>Cover image</description>
				<left>52</left>
				<top>48</top>
				<width>1920</width>
				<height>960</height>
				<aspectratio>keep</aspectratio>
				<texture diffuse="thumb_cdcover_mask.png" background="true">$INFO[Container(50).ListItem.Icon]</texture>
				<visible>Skin.HasSetting(coverzoom)</visible>
			</control>
			<!-- Thumb -->
			<control type="image">
				<left>52</left>
				<top>48</top>
				<width>1800</width>
				<height>960</height>
				<aspectratio align="center">keep</aspectratio>
				<texture background="true">$INFO[Listitem.Icon]</texture>
				<visible>!String.IsEmpty(ListItem.Thumb) + Skin.HasSetting(artistzoom)</visible>
			</control>
			<!-- Artist -->
			<control type="multiimage">
				<left>52</left>
				<top>48</top>
				<width>1800</width>
				<height>960</height>
				<timeperimage>5000</timeperimage>
				<randomize>true</randomize>
				<fadetime>commonfadetime</fadetime>
				<aspectratio align="center">keep</aspectratio>
				<imagepath fallback="DefaultAudioCover.png" background="true">$INFO[Window(Visualisation).Property(ArtistSlideshow)]</imagepath>
				<visible>String.IsEmpty(ListItem.Thumb) + Skin.HasSetting(artistzoom)</visible>
			</control>
		</control>
		<control type="group">
			<visible>Control.HasFocus(160)</visible>
			<animation effect="slide" start="0,0" end="0,-120" time="600" delay="1000" tween="cubic" easing="inout" condition="Control.HasFocus(160)">Conditional</animation>
			<control type="image">
				<left>0</left>
				<top>1140</top>
				<height>60</height>
				<width>1920</width>
				<texture>$VAR[texture_base]</texture>
				<colordiffuse>$INFO[skin.string(colortexture)]</colordiffuse>
				<include>animation_defaultglass2</include>
			</control>
			<control type="label">
				<left>0</left>
				<top>1140</top>
				<height>60</height>
				<width>1920</width>
				<align>center</align>
				<aligny>center</aligny>
				<label>$VAR[audioinfo_zoomlabel]</label>
				<font>font_list</font>
				<textcolor>FFF8F8F8</textcolor>
				<scroll>true</scroll>
				<scrollout>false</scrollout>
			</control>
			<control type="image">
				<left>0</left>
				<top>1140</top>
				<height>60</height>
				<width>1920</width>
				<texture>gradient_small.png</texture>
			</control>
			<include>background_black</include>
		</control>
	</controls>
</window>
