<?xml version="1.0" encoding="UTF-8"?>
<window>
	<!-- Aeon MQ 8 -->
	<defaultcontrol>23</defaultcontrol>
	<visible>Window.IsActive(fullscreenvideo) + ![Window.IsActive(videoosd) | Window.IsActive(fullscreeninfo) | Window.IsActive(osdvideosettings) | Window.IsActive(osdaudiosettings) | Window.IsActive(subtitlesearch)] + [Player.Seeking | Player.DisplayAfterSeek | Player.Paused | Player.Forwarding | Player.Rewinding]</visible>
	<controls>
		<control type="group">
			<animation effect="slide" time="400" start="0,-375" end="0,0" easing="inout" tween="cubic">WindowOpen</animation>
			<animation effect="slide" time="400" start="0,-375" end="0,0" easing="inout" tween="cubic">Visible</animation>
			<animation effect="slide" time="400" start="0,0" end="0,-375" easing="inout" tween="cubic">WindowClose</animation>
			<animation effect="slide" time="400" start="0,0" end="0,-375" easing="inout" tween="cubic">Hidden</animation>
			<visible>![String.Contains(skin.string(videofurniture),minimum) | String.Contains(skin.string(videofurniture),hide) | Window.IsActive(pvrosdguide) | Window.IsActive(pvrosdchannels)]</visible>
			<control type="image">
				<left>0</left>
				<top>0</top>
				<height>375</height>
				<width>1920</width>
				<texture flipy="true" diffuse="shadow_mask.png">$VAR[texture_base]</texture>
				<colordiffuse>$INFO[skin.string(colortexture)]</colordiffuse>
				<animation effect="fade" end="85" condition="true">Conditional</animation>
			</control>
			<!-- Titulo -->
			<control type="label">
				<left>45</left>
				<top>12</top>
				<width>1380</width>
				<height>60</height>
				<font>font_title</font>
				<label>$VAR[videoosdtitle]</label>
				<scroll>true</scroll>
				<scrollout>false</scrollout>
			</control>
			<!-- Subtitulo filmes -->
			<control type="label">
				<left>45</left>
				<top>70</top>
				<width>1380</width>
				<height>38</height>
				<font>font_subtitle</font>
				<label>$VAR[videoosdtag]</label>
				<scroll>true</scroll>
				<scrollout>false</scrollout>
				<shadowcolor>grey</shadowcolor>
			</control>
			<!-- Capitulo -->
			<control type="label">
				<left>45</left>
				<top>110</top>
				<width>1380</width>
				<height>38</height>
				<font>font_subtitle</font>
				<label>$LOCALIZE[21396]: $INFO[Player.Chapter]$INFO[Player.ChapterCount, / ]$INFO[Player.ChapterName, - ]</label>
				<textcolor>$INFO[skin.string(colorheader)]</textcolor>
				<scroll>true</scroll>
				<scrollout>false</scrollout>
				<shadowcolor>grey</shadowcolor>
				<visible>![VideoPlayer.Content(LiveTV) | VideoPlayer.Content(episodes)] + Player.ChapterCount</visible>
			</control>
			<!-- Estrelas -->
			<control type="image">
				<left>1575</left>
				<top>30</top>
				<width>300</width>
				<height>30</height>
				<texture fallback="$VAR[styleratingstars,,0.png]">$VAR[styleratingstars]$INFO[VideoPlayer.Rating,,.png]</texture>
				<aspectratio align="left" aligny="center">keep</aspectratio>
				<colordiffuse>$VAR[colorratingstars_fs]</colordiffuse>
				<visible>!VideoPlayer.Content(LiveTV)</visible>
			</control>
			<control type="grouplist">
				<left>1475</left>
				<top>70</top>
				<itemgap>3</itemgap>						
				<!-- Nota e votos -->
				<control type="label">
					<left>0</left>
					<top>0</top>
					<width>400</width>
					<height>38</height>
					<align>right</align>
					<aligny>center</aligny>
					<font>font_subtitle</font>
					<label>$INFO[VideoPlayer.RatingAndVotes]</label>
					<visible>!VideoPlayer.Content(LiveTV)</visible>
				</control>
				<!-- Top250 -->
				<control type="label">
					<left>0</left>
					<top>0</top>
					<width>400</width>
					<height>38</height>
					<align>right</align>
					<aligny>center</aligny>
					<font>font_subtitle</font>
					<label>[B]$INFO[Window(home).Property(SkinHelper.Player.IMDB.Top250),Top250 - ][/B]</label>
					<textcolor>$INFO[skin.string(colorheader)]</textcolor>
					<animation effect="fade" start="0" end="100" time="300">WindowOpen</animation>
					<animation effect="fade" start="100" end="0" time="0">WindowClose</animation>
					<animation effect="fade" start="100" end="0" time="300" delay="300">Hidden</animation>				
					<visible>!String.IsEqual(Window(home).Property(SkinHelper.Player.IMDB.Top250),0)</visible>
				</control>
			</control>
		</control>
		<control type="group">
			<animation effect="slide" time="400" start="0,1200" end="0,0" easing="out" tween="cubic">WindowOpen</animation>
			<animation effect="slide" time="400" start="0,0" end="0,1200" easing="in" tween="cubic">WindowClose</animation>
			<visible>!String.Contains(skin.string(videofurniture),hide)</visible>
			<control type="image">
				<left>0</left>
				<top>825</top>
				<height>255</height>
				<width>1920</width>
				<texture diffuse="shadow_mask.png">$VAR[texture_base]</texture>
				<colordiffuse>$INFO[skin.string(colorfloor)]</colordiffuse>
				<animation effect="fade" end="95" condition="true">Conditional</animation>
			</control>
			<control type="group">
				<animation effect="slide" start="0,0" end="0,-38" time="300" tween="cubic" easing="out" condition="Player.Forwarding">Conditional</animation>
				<!-- Barra de cache -->
				<control type="progress">
					<left>30</left>
					<top>996</top>
					<width>375</width>
					<height>15</height>
					<info>Player.ProgressCache</info>
					<midtexture>progress_mid.png</midtexture>
					<colordiffuse>$INFO[skin.string(colorheader)]</colordiffuse>
				</control>
				<!-- Barra de progresso -->
				<control type="progress" id="23">
					<left>30</left>
					<top>996</top>
					<width>375</width>
					<height>15</height>
					<info>Player.Progress</info>
				</control>
				<control type="label">
					<left>30</left>
					<top>1025</top>
					<width>375</width>
					<height>25</height>
					<font>font_list</font>
					<align>center</align>
					<label>$INFO[VideoPlayer.Time] / $INFO[VideoPlayer.Duration]</label>
					<visible>!Player.Seeking</visible>
				</control>
				<control type="label">
					<left>30</left>
					<top>1025</top>
					<width>375</width>
					<height>25</height>
					<font>font_list</font>
					<align>center</align>
					<label>$INFO[Player.SeekTime] / $INFO[VideoPlayer.Duration]</label>
					<visible>Player.Seeking</visible>
				</control>
				<control type="label">
					<left>390</left>
					<top>1025</top>
					<width>375</width>
					<height>25</height>
					<font>font_list</font>
					<align>center</align>
					<label>$VAR[seeklabel]</label>
					<include>animation_fade</include>
					<visible>Player.Seeking</visible>
				</control>
			</control>
			<control type="group">
				<animation effect="slide" start="0,0" end="0,-38" time="300" tween="cubic" easing="out" condition="Player.Rewinding">Conditional</animation>
				<visible>!String.Contains(skin.string(videofurniture),minimum)</visible>
				<!-- Hora atual -->
				<control type="label">
					<left>1260</left>
					<top>996</top>
					<width>200</width>
					<height>38</height>
					<align>right</align>
					<font>font_headersmall</font>
					<textcolor>$INFO[skin.string(colorheader)]</textcolor>
					<label>31310</label>
				</control>
				<control type="label">
					<left>1260</left>
					<top>1025</top>
					<width>200</width>
					<height>38</height>
					<align>right</align>
					<font>font_list</font>
					<label>$INFO[System.Time]</label>
				</control>
				<control type="image">
					<left>1481</left>
					<top>998</top>
					<height>60</height>
					<width>1</width>
					<texture>line_v.png</texture>
				</control>
				<!-- Tempo restante -->
				<control type="label">
					<left>1488</left>
					<top>996</top>
					<width>200</width>
					<height>38</height>
					<align>right</align>
					<font>font_headersmall</font>
					<textcolor>$INFO[skin.string(colorheader)]</textcolor>
					<label>31991</label>
				</control>
				<control type="label">
					<left>1488</left>
					<top>1025</top>
					<width>200</width>
					<height>38</height>
					<align>right</align>
					<font>font_list</font>
					<label>$INFO[Player.TimeRemaining]</label>
				</control>
				<control type="image">
					<left>1708</left>
					<top>998</top>
					<height>60</height>
					<width>1</width>
					<texture>line_v.png</texture>
				</control>
				<!-- Hora do termino -->
				<control type="label">
					<left>1695</left>
					<top>996</top>
					<width>200</width>
					<height>38</height>
					<align>right</align>
					<font>font_headersmall</font>
					<textcolor>$INFO[skin.string(colorheader)]</textcolor>
					<label>31311</label>
					<scroll>true</scroll>
				</control>
				<control type="label">
					<left>1695</left>
					<top>1025</top>
					<width>200</width>
					<height>38</height>
					<align>right</align>
					<font>font_list</font>
					<label>$INFO[Player.FinishTime]</label>
				</control>
			</control>
		</control>
		<control type="group">
			<visible>Player.Paused</visible>
			<top>-52</top>
			<animation effect="slide" time="800" start="0,1200" end="0,0" easing="inout" tween="cubic" condition="System.IdleTime(3)">Conditional</animation>
			<animation effect="slide" time="800" start="0,0" end="0,1200" easing="inout" tween="cubic" condition="!System.IdleTime(3)">Conditional</animation>
			<animation effect="slide" start="0,0" end="0,750" time="700" tween="cubic" easing="out" condition="String.Contains(skin.string(videofurniture),partial) | String.Contains(skin.string(videofurniture),minimum) | String.Contains(skin.string(videofurniture),hide) | Window.IsVisible(1173)">Conditional</animation>
			<!-- Barra de flags -->
			<control type="image">
				<left>330</left>
				<top>970</top>
				<height>46</height>
				<width>930</width>
				<texture colordiffuse="cc505050">shadow_mask.png</texture>
			</control>
			<!-- Etiquetas -->
			<control type="grouplist">
				<left>345</left>
				<top>960</top>
				<orientation>horizontal</orientation>
				<itemgap>13</itemgap>
				<!-- Mpaa -->
				<include content="mediaflags_common">
					<param name="flag_id" value="401" />
					<param name="flag" value="$VAR[mpaa_fs]" />
					<param name="separator" value="true" />
				</include>
				<!-- Codec de video -->
				<include content="mediaflags_common">
					<param name="flag_id" value="402" />
					<param name="flag" value="$VAR[videocodec_fs]" />
					<param name="separator" value="true" />
				</include>
				<!-- Resolucao -->
				<include content="mediaflags_common">
					<param name="flag_id" value="403" />
					<param name="flag" value="$VAR[resolution_path]$INFO[Videoplayer.VideoResolution,,.png]" />
					<param name="separator" value="true" />
				</include>	
				<!-- Aspecto -->
				<include content="mediaflags_common">
					<param name="flag_id" value="404" />
					<param name="flag" value="$VAR[aspectratio_path]$INFO[Videoplayer.VideoAspect,,.png]" />
					<param name="separator" value="true" />
				</include>
				<!-- Codec de audio -->
				<include content="mediaflags_common">
					<param name="flag_id" value="405" />
					<param name="flag" value="$VAR[audiocodec_fs]" />
					<param name="separator" value="true" />
				</include>
				<!-- Canais -->
				<include content="mediaflags_common">
					<param name="flag_id" value="406" />
					<param name="flag" value="$VAR[audiochannels_path]$INFO[Videoplayer.AudioChannels,,.png]" />
					<param name="separator" value="false" />
				</include>
			</control>
			<!-- logo e clearart -->
			<control type="image">
				<left>1620</left>
				<top>110</top>
				<width>270</width>
				<height>510</height>
				<aspectratio align="right" aligny="bottom">keep</aspectratio>
				<texture background="true">$VAR[player_logoandclearart]</texture>
				<animation effect="slide" start="0,0" end="350,0" time="400" tween="cubic" easing="out" condition="Player.Rewinding">Conditional</animation>
				<include>animation_fade</include>
			</control>
			<!-- Fundo -->
			<control type="image">
				<left>0</left>
				<top>602</top>
				<width>1920</width>
				<height>450</height>
				<texture>$VAR[texture_fullscreenpanel]</texture>
				<colordiffuse>$INFO[skin.string(colortexture)]</colordiffuse>
				<include>animation_defaultglass</include>
			</control>
			<!-- Barra de titulos -->
			<control type="image">
				<left>0</left>
				<top>621</top>
				<width>1920</width>
				<height>30</height>
				<texture>$VAR[texture_base]</texture>
				<colordiffuse>$INFO[skin.string(colortexture)]</colordiffuse>
				<include>animation_defaultglass</include>
			</control>
			<control type="group">
				<animation effect="slide" start="0,0" center="auto" end="0,250" time="400" tween="cubic" easing="out" condition="Player.Forwarding">Conditional</animation>
				<control type="image">					
					<left>35</left>
					<top>486</top>
					<width>262</width>
					<height>262</height>
					<aspectratio align="center" aligny="center">keep</aspectratio>
					<texture diffuse="cdart_diffuse.png" background="true">$VAR[videodisc_layout]</texture>	
					<include>animation_cdart</include>
				</control>
				<control type="image">
					<left>35</left>
					<top>486</top>
					<width>262</width>
					<height>262</height>
					<aspectratio align="center" aligny="center">keep</aspectratio>	
					<texture diffuse="cdart_diffuse.png" background="true">$VAR[media_discart]</texture>	
					<include>animation_cdart</include>					
				</control>
			</control>
			<control type="image">
				<left>12</left>
				<top>624</top>
				<width>291</width>
				<height>402</height>
				<texture>$VAR[texture_base]</texture>
				<colordiffuse>$INFO[skin.string(colortexture)]</colordiffuse>
			</control>
			<!-- Cover -->
			<control type="image">
				<left>15</left>
				<top>624</top>
				<width>285</width>
				<height>402</height>
				<texture>$VAR[thumbfullscreen]</texture>
				<aspectratio align="right">keep</aspectratio>
				<bordertexture border="-2">$VAR[texture_base]</bordertexture>
			</control>
			<!-- Titulo enredo -->
			<control type="label">
				<left>330</left>
				<top>618</top>
				<width>450</width>
				<height>38</height>
				<align>left</align>
				<font>font_header</font>
				<textcolor>$INFO[skin.string(colorheader)]</textcolor>
				<label>31530</label>
			</control>
			<!-- Plot -->
			<control type="textbox">
				<left>330</left>
				<top>668</top>
				<width>930</width>
				<height>270</height>
				<font>font_plot</font>
				<label>$INFO[VideoPlayer.Plot]</label>
				<autoscroll delay="20000" time="4000" repeat="15000">true</autoscroll>
			</control>
			<control type="group">
				<visible>!VideoPlayer.Content(LiveTV)</visible>
				<!-- Titulo elenco -->
				<control type="label">
					<left>1320</left>
					<top>618</top>
					<width>450</width>
					<height>38</height>
					<align>left</align>
					<font>font_header</font>
					<textcolor>$INFO[skin.string(colorheader)]</textcolor>
					<label>31703</label>
				</control>
				<!-- Cast -->
				<control type="textbox">
					<left>1320</left>
					<top>668</top>
					<width>570</width>
					<height>345</height>
					<font>font_plot</font>
					<label>$INFO[VideoPlayer.CastAndRole]</label>
					<autoscroll delay="20000" time="4000" repeat="15000">true</autoscroll>
					<visible>Player.Paused</visible>
				</control>
			</control>
		</control>
		<!-- Seek Widget -->
		<control type="group">
			<animation type="WindowOpen" condition="true">
				<effect type="slide" time="400" start="0,1200" end="0,0" easing="out" tween="cubic" />
			</animation>
			<animation type="WindowClose" condition="true">
				<effect type="slide" time="400" start="0,0" end="0,1200" easing="in" tween="cubic" />
			</animation>
			<control type="group">
				<left>-750</left>
				<top>1040</top>
				<width>748</width>
				<height>42</height>
				<animation effect="slide" end="300,0" time="200" condition="Player.Forwarding2x">Conditional</animation>
				<animation effect="slide" end="412,0" time="200" condition="Player.Forwarding4x">Conditional</animation>
				<animation effect="slide" end="525,0" time="200" condition="Player.Forwarding8x">Conditional</animation>
				<animation effect="slide" end="638,0" time="200" condition="Player.Forwarding16x">Conditional</animation>
				<animation effect="slide" end="748,0" time="200" condition="Player.Forwarding32x">Conditional</animation>
				<control type="image">
					<left>0</left>
					<top>0</top>
					<width>748</width>
					<height>42</height>
					<texture flipy="true">osd_button_reverse.png</texture>
				</control>
				<control type="label">
					<include>OSDSeekForward</include>
					<label>$VAR[seekforward]</label>
				</control>
			</control>
			<control type="group">
				<left>1920</left>
				<top>1040</top>
				<width>748</width>
				<height>42</height>
				<animation effect="slide" end="-300,0" time="200" condition="Player.Rewinding2x">Conditional</animation>
				<animation effect="slide" end="-412,0" time="200" condition="Player.Rewinding4x">Conditional</animation>
				<animation effect="slide" end="-525,0" time="200" condition="Player.Rewinding8x">Conditional</animation>
				<animation effect="slide" end="-638,0" time="200" condition="Player.Rewinding16x">Conditional</animation>
				<animation effect="slide" end="-748,0" time="200" condition="Player.Rewinding32x">Conditional</animation>
				<control type="image">
					<left>0</left>
					<top>0</top>
					<width>748</width>
					<height>42</height>
					<texture flipy="true" flipx="true">osd_button_reverse.png</texture>
				</control>
				<control type="label">
					<include>OSDSeekReverse</include>
					<label>$VAR[seekreverse]</label>
				</control>
			</control>
		</control>
		<control type="label">
			<left>-480</left>
			<top>270</top>
			<width>2880</width>
			<height>158</height>
			<align>center</align>
			<aligny>center</aligny>
			<font>font_pause</font>
			<label>31744</label>
			<textcolor>80FFFAF0</textcolor>
			<visible>Player.Paused + ![String.Contains(skin.string(videofurniture),hide) | Window.IsVisible(1173)]</visible>
			<animation type="Visible">
				<effect type="slide" start="0,-900" end="0,0" time="600" tween="cubic" easing="out" />
				<effect type="fade" start="0" end="100" time="600" />
			</animation>
			<animation type="WindowOpen">
				<effect type="slide" start="0,-900" end="0,0" time="600" tween="cubic" easing="out" />
				<effect type="fade" start="0" end="100" time="600" />
			</animation>
			<animation type="WindowClose">
				<effect type="slide" start="0,0" end="-900,0" time="600" tween="cubic" easing="out" />
				<effect type="fade" start="100" end="0" time="600" />
			</animation>
			<animation type="Hidden">
				<effect type="slide" start="0,0" end="-900,0" time="600" tween="cubic" easing="out" />
				<effect type="fade" start="100" end="0" time="600" />
			</animation>
		</control>
	</controls>
</window>
