<?xml version="1.0" encoding="UTF-8"?>
<window type="dialog">
	<!-- Aeon MQ 8 -->
	<coordinates>
		<system>1</system>
		<left>0</left>
		<top>75</top>
	</coordinates>
	<controls>
		<control type="group">
			<include>animation_dialogpopup</include>
			<visible>![Player.Forwarding | Player.Rewinding] + [!String.IsEmpty(VideoPlayer.Title) | !String.IsEmpty(VideoPlayer.TVShowTitle)]</visible>
			<control type="image">
				<!-- Menu da direita -->
				<left>0</left>
				<top>45</top>
				<width>1920</width>
				<height>45</height>
				<texture>shadow_h.png</texture>
				<colordiffuse>C3FFFFFF</colordiffuse>
			</control>
			<control type="image">
				<left>0</left>
				<top>840</top>
				<width>1920</width>
				<height>45</height>
				<texture flipy="true">shadow_h.png</texture>
				<colordiffuse>C3FFFFFF</colordiffuse>
			</control>
			<control type="image">
				<left>360</left>
				<top>90</top>
				<width>1560</width>
				<height>750</height>
				<texture>$VAR[texture_base]</texture>
				<colordiffuse>$INFO[skin.string(colortexture)]</colordiffuse>
				<animation effect="fade" end="85" condition="true">Conditional</animation>
			</control>
			<!-- ** Required ** Do not change <id> or <type> -->
			<control type="image">
				<left>750</left>
				<top>240</top>
				<width>60</width>
				<height>540</height>
				<texture>grey.png</texture>
				<animation effect="fade" end="20" condition="true">conditional</animation>
				<animation effect="slide" start="0,0" end="-30,0" time="300" condition="Control.HasFocus(121)">Conditional</animation>
				<visible>!String.IsEmpty(Container(120).ListItem.Label)</visible>
			</control>
			<control type="image">
				<left>1688</left>
				<top>240</top>
				<width>128</width>
				<height>540</height>
				<texture>grey.png</texture>
				<animation effect="fade" end="20" condition="true">conditional</animation>
				<animation effect="slide" start="0,0" end="-30,0" time="300" condition="Control.HasFocus(121)">Conditional</animation>
				<visible>!String.IsEmpty(Container(120).ListItem.Label)</visible>
			</control>
			<!-- ** Required ** Do not change <id> or <type> -->
			<control type="list" id="120">
				<animation effect="fade" reversible="true" time="300">VisibleChange</animation>
				<animation effect="slide" start="0,0" end="-30,0" time="300" condition="Control.HasFocus(121)">Conditional</animation>
				<left>360</left>
				<top>240</top>
				<width>1560</width>
				<height>540</height>
				<onleft>150</onleft>
				<onright>121</onright>
				<onup>120</onup>
				<ondown>120</ondown>
				<viewtype label="535">list</viewtype>
				<pagecontrol>121</pagecontrol>
				<scrolltime>200</scrolltime>
				<itemlayout height="60">
					<control type="label">
						<left>75</left>
						<top>0</top>
						<width>300</width>
						<height>60</height>
						<font>font_plot</font>
						<include>listcolor</include>
						<aligny>center</aligny>
						<align>left</align>
						<info>ListItem.Label</info>
					</control>
					<control type="label">
						<left>465</left>
						<top>0</top>
						<width>840</width>
						<height>60</height>
						<font>font_plot</font>
						<include>listcolor</include>
						<aligny>center</aligny>
						<align>left</align>
						<info>ListItem.Label2</info>
					</control>
					<control type="image">
						<left>398</left>
						<top>0</top>
						<width>45</width>
						<height>60</height>
						<aspectratio align="left" aligny="center">keep</aspectratio>
						<texture>flags/countries/$INFO[ListItem.Thumb].png</texture>
					</control>
					<control type="image">
						<left>1338</left>
						<top>20</top>
						<width>134</width>
						<height>22</height>
						<texture>subtitle_rating_$INFO[ListItem.ActualIcon].png</texture>
						<aspectratio align="left" aligny="center">keep</aspectratio>
						<colordiffuse>$INFO[skin.string(colorheader)]</colordiffuse>
					</control>
					<control type="image">
						<left>1480</left>
						<top>9</top>
						<width>60</width>
						<height>18</height>
						<texture>$VAR[extras_path]subtitle_sync.png</texture>
						<aspectratio align="left" aligny="center">keep</aspectratio>
						<visible>ListItem.property(sync)</visible>
					</control>
					<control type="image">
						<left>1480</left>
						<top>33</top>
						<width>60</width>
						<height>18</height>
						<texture>$VAR[extras_path]cc.png</texture>
						<aspectratio align="left" aligny="center">keep</aspectratio>
						<visible>ListItem.property(hearing_imp)</visible>
					</control>
				</itemlayout>
				<focusedlayout height="60">
					<control type="image">
						<left>0</left>
						<top>0</top>
						<width>1560</width>
						<height>60</height>
						<texture>grey.png</texture>
						<animation effect="fade" start="100" end="40" time="100" condition="Control.HasFocus(121) | Control.HasFocus(150)">conditional</animation>
						<animation effect="slide" start="0,0" end="30,0" time="300" condition="Control.HasFocus(121)">Conditional</animation>
					</control>
					<control type="label">
						<left>75</left>
						<top>0</top>
						<width>300</width>
						<height>60</height>
						<font>font_plot</font>
						<include>listcolorfocus</include>
						<aligny>center</aligny>
						<align>left</align>
						<info>ListItem.Label</info>
					</control>
					<control type="label">
						<left>465</left>
						<top>0</top>
						<width>840</width>
						<height>60</height>
						<font>font_plot</font>
						<include>listcolorfocus</include>
						<aligny>center</aligny>
						<align>left</align>
						<info>ListItem.Label2</info>
					</control>
					<control type="image">
						<left>398</left>
						<top>0</top>
						<width>45</width>
						<height>60</height>
						<aspectratio align="left" aligny="center">keep</aspectratio>
						<texture>flags/countries/$INFO[ListItem.Thumb].png</texture>
					</control>
					<control type="image">
						<left>1338</left>
						<top>20</top>
						<width>134</width>
						<height>22</height>
						<texture>subtitle_rating_$INFO[ListItem.ActualIcon].png</texture>
						<aspectratio align="left" aligny="center">keep</aspectratio>
						<colordiffuse>$INFO[skin.string(colorheader)]</colordiffuse>
					</control>
					<control type="image">
						<left>1480</left>
						<top>9</top>
						<width>60</width>
						<height>18</height>
						<texture>$VAR[extras_path]subtitle_sync.png</texture>
						<colordiffuse>E0101010</colordiffuse>
						<aspectratio align="left" aligny="center">keep</aspectratio>
						<visible>ListItem.property(sync)</visible>
					</control>
					<control type="image">
						<left>1480</left>
						<top>33</top>
						<width>60</width>
						<height>18</height>
						<texture>$VAR[extras_path]cc.png</texture>
						<colordiffuse>E0101010</colordiffuse>
						<aspectratio align="left" aligny="center">keep</aspectratio>
						<visible>ListItem.property(hearing_imp)</visible>
					</control>
				</focusedlayout>
			</control>
			<control type="image">
				<left>360</left>
				<top>780</top>
				<width>1560</width>
				<height>60</height>
				<texture>black.png</texture>
				<colordiffuse>C3FFFFFF</colordiffuse>
			</control>
			<control type="image" id="110">
				<left>-420</left>
				<top>15</top>
				<width>1101</width>
				<height>45</height>
				<aspectratio>keep</aspectratio>
				<align>left</align>
				<aligny>top</aligny>
				<texture></texture>
			</control>
			<control type="group" id="130">
				<control type="grouplist">
					<left>435</left>
					<top>788</top>
					<width>458</width>
					<height>45</height>
					<align>left</align>
					<orientation>horizontal</orientation>
					<itemgap>8</itemgap>
					<control type="image">
						<width>45</width>
						<height>45</height>
						<texture>OverlayWatched.png</texture>
					</control>
					<!-- Legenda local -->
					<control type="label">						
						<width min="15" max="390">auto</width>
						<height>45</height>
						<label>31992</label>
						<font>font_plot</font>
						<textcolor>80FFFAF0</textcolor>
						<align>left</align>
						<aligny>center</aligny>
					</control>
				</control>
			</control>
			<control type="label" id="100">
				<left>-30</left>
				<top>-30</top>
				<width>1</width>
				<height>1</height>
				<label></label>
				<font></font>
				<visible>false</visible>
			</control>
			<control type="label">
				<include>SettingsRightTitle</include>
				<label>$INFO[Player.Filename]</label>
			</control>
			<control type="label" id="140">
				<left>435</left>
				<top>158</top>
				<width>1170</width>
				<height>60</height>
				<font>font_plot</font>
				<align>left</align>
				<aligny>center</aligny>
				<wrapmultiline>false</wrapmultiline>
			</control>
			<control type="group" id="250">
				<!-- Menu da esquerda -->
				<control type="image">
					<left>360</left>
					<top>90</top>
					<width>45</width>
					<height>750</height>
					<texture>shadow.png</texture>
					<colordiffuse>C3FFFFFF</colordiffuse>
				</control>
				<control type="image">
					<left>0</left>
					<top>90</top>
					<width>360</width>
					<height>750</height>
					<texture>grey.png</texture>
					<colordiffuse>90FFFFFF</colordiffuse>
				</control>
				<control type="image">
					<left>357</left>
					<top>90</top>
					<width>3</width>
					<height>750</height>
					<texture>separator_v.png</texture>
				</control>
				<control type="label">
					<include>SettingsLeftTitle</include>
					<label>31202</label>
				</control>
				<control type="list" id="150">
					<left>0</left>
					<top>180</top>
					<width>358</width>
					<height>600</height>
					<onleft>120</onleft>
					<onright>120</onright>
					<onup>150</onup>
					<ondown>150</ondown>
					<viewtype label="535">list</viewtype>
					<scrolltime>200</scrolltime>
					<itemlayout width="360" height="60">
						<control type="label">
							<include>SettingsLabel</include>
							<label>$INFO[ListItem.Label]</label>
							<visible>!ListItem.property(man)</visible>
						</control>
						<control type="label">
							<include>SettingsLabel</include>
							<label>$INFO[ListItem.Label]</label>
							<visible>ListItem.property(man)</visible>
						</control>
					</itemlayout>
					<focusedlayout width="360" height="60">
						<control type="image">
							<texture>grey.png</texture>
							<animation effect="fade" start="100" end="50" time="100" condition="!Control.Hasfocus(150)">conditional</animation>
						</control>
						<control type="label">
							<include>SettingsLabel</include>
							<label>$INFO[ListItem.Label]</label>
							<visible>![ListItem.property(man) | Control.Hasfocus(150)]</visible>
						</control>
						<control type="label">
							<include>SettingsLabel</include>
							<label>$INFO[ListItem.Label]</label>
							<visible>ListItem.property(man) + !Control.Hasfocus(150)</visible>
						</control>
						<control type="label">
							<include>SettingsLabelFocus</include>
							<label>$INFO[ListItem.Label]</label>
							<visible>!ListItem.property(man) + Control.Hasfocus(150)</visible>
						</control>
						<control type="label">
							<include>SettingsLabelFocus</include>
							<label>$INFO[ListItem.Label]</label>
							<visible>ListItem.property(man) + Control.Hasfocus(150)</visible>
						</control>
					</focusedlayout>
				</control>
				<control type="scrollbar" id="121">
					<width>38</width>
					<include>ScrollBar_Vertical</include>
					<left>1875</left>
					<top>338</top>
					<height>375</height>
					<onleft>120</onleft>
					<onright>160</onright>
					<ondown>121</ondown>
					<onup>121</onup>
					<animation effect="fade" reversible="true" time="300">VisibleChange</animation>
					<visible allowhiddenfocus="true">Control.HasFocus(121)</visible>
				</control>
				<control type="button" id="160">
					<!-- Legenda manual -->
					<left>1410</left>
					<top>784</top>
					<width>525</width>
					<height>52</height>
					<label>$LOCALIZE[24120]</label>
					<texturenofocus></texturenofocus>
					<texturefocus></texturefocus>
					<textcolor>FF808080</textcolor>
					<focusedcolor>FFFFFFFF</focusedcolor>
					<font>font_header</font>
					<align>right</align>
					<aligny>center</aligny>
					<onleft>150</onleft>
					<onright>150</onright>
					<onup>150</onup>
					<ondown>150</ondown>
				</control>
				<control type="image">
					<left>0</left>
					<top>90</top>
					<width>375</width>
					<height>750</height>
					<texture>menu_glass.png</texture>
					<colordiffuse>70FFFAF0</colordiffuse>
				</control>
			</control>
		</control>
	</controls>
</window>
