<?xml version="1.0" encoding="UTF-8"?>
<includes>
	<!-- Aeon MQ 8 -->
	<variable name="menu1.label">
		<value condition="!String.IsEmpty(skin.string(menu1.customlabel))">$INFO[skin.string(menu1.customlabel)]</value>
		<value condition="String.IsEmpty(skin.string(menu1.customlabel)) + String.StartsWith(skin.string(menu1.master),addons)">$INFO[system.addontitle(skin.string(menu1.path))]</value>
		<value condition="String.IsEmpty(skin.string(menu1.customlabel)) + ![String.StartsWith(skin.string(menu1.master),addons) | String.IsEmpty(skin.string(menu1.label))]">$INFO[skin.string(menu1.label)]</value>
		<value>$LOCALIZE[31003]</value>
	</variable>
	<variable name="menu2.label">
		<value condition="!String.IsEmpty(skin.string(menu2.customlabel))">$INFO[skin.string(menu2.customlabel)]</value>
		<value condition="String.IsEmpty(skin.string(menu2.customlabel)) + String.StartsWith(skin.string(menu2.master),addons)">$INFO[system.addontitle(skin.string(menu2.path))]</value>
		<value condition="String.IsEmpty(skin.string(menu2.customlabel)) + ![String.StartsWith(skin.string(menu2.master),addons) | String.IsEmpty(skin.string(menu2.label))]">$INFO[skin.string(menu2.label)]</value>
		<value>$LOCALIZE[31005]</value>
	</variable>
	<variable name="menu3.label">
		<value condition="!String.IsEmpty(skin.string(menu3.customlabel))">$INFO[skin.string(menu3.customlabel)]</value>
		<value condition="String.IsEmpty(skin.string(menu3.customlabel)) + String.StartsWith(skin.string(menu3.master),addons)">$INFO[system.addontitle(skin.string(menu3.path))]</value>
		<value condition="String.IsEmpty(skin.string(menu3.customlabel)) + ![String.StartsWith(skin.string(menu3.master),addons) | String.IsEmpty(skin.string(menu3.label))]">$INFO[skin.string(menu3.label)]</value>
		<value>$LOCALIZE[31013]</value>
	</variable>
	<variable name="menu4.label">
		<value condition="!String.IsEmpty(skin.string(menu4.customlabel))">$INFO[skin.string(menu4.customlabel)]</value>
		<value condition="String.IsEmpty(skin.string(menu4.customlabel)) + String.StartsWith(skin.string(menu4.master),addons)">$INFO[system.addontitle(skin.string(menu4.path))]</value>
		<value condition="String.IsEmpty(skin.string(menu4.customlabel)) + ![String.StartsWith(skin.string(menu4.master),addons) | String.IsEmpty(skin.string(menu4.label))]">$INFO[skin.string(menu4.label)]</value>
		<value>$LOCALIZE[31002]</value>
	</variable>
	<variable name="menu5.label">
		<value condition="!String.IsEmpty(skin.string(menu5.customlabel))">$INFO[skin.string(menu5.customlabel)]</value>
		<value condition="String.IsEmpty(skin.string(menu5.customlabel)) + String.StartsWith(skin.string(menu5.master),addons)">$INFO[system.addontitle(skin.string(menu5.path))]</value>
		<value condition="String.IsEmpty(skin.string(menu5.customlabel)) + ![String.StartsWith(skin.string(menu5.master),addons) | String.IsEmpty(skin.string(menu5.label))]">$INFO[skin.string(menu5.label)]</value>
		<value>$LOCALIZE[31006]</value>
	</variable>
	<variable name="menu6.label">
		<value condition="!String.IsEmpty(skin.string(menu6.customlabel))">$INFO[skin.string(menu6.customlabel)]</value>
		<value condition="String.IsEmpty(skin.string(menu6.customlabel)) + String.StartsWith(skin.string(menu6.master),addons)">$INFO[system.addontitle(skin.string(menu6.path))]</value>
		<value condition="String.IsEmpty(skin.string(menu6.customlabel)) + ![String.StartsWith(skin.string(menu6.master),addons) | String.IsEmpty(skin.string(menu6.label))]">$INFO[skin.string(menu6.label)]</value>
		<value>$LOCALIZE[31120]</value>
	</variable>
	<variable name="menu7.label">
		<value condition="!String.IsEmpty(skin.string(menu7.customlabel))">$INFO[skin.string(menu7.customlabel)]</value>
		<value condition="String.IsEmpty(skin.string(menu7.customlabel)) + String.StartsWith(skin.string(menu7.master),addons)">$INFO[system.addontitle(skin.string(menu7.path))]</value>
		<value condition="String.IsEmpty(skin.string(menu7.customlabel)) + ![String.StartsWith(skin.string(menu7.master),addons) | String.IsEmpty(skin.string(menu7.label))]">$INFO[skin.string(menu7.label)]</value>
		<value>$LOCALIZE[31031]</value>
	</variable>
	<variable name="menu8.label">
		<value condition="!String.IsEmpty(skin.string(menu8.customlabel))">$INFO[skin.string(menu8.customlabel)]</value>
		<value condition="String.IsEmpty(skin.string(menu8.customlabel)) + String.StartsWith(skin.string(menu8.master),addons)">$INFO[system.addontitle(skin.string(menu8.path))]</value>
		<value condition="String.IsEmpty(skin.string(menu8.customlabel)) + ![String.StartsWith(skin.string(menu8.master),addons) | String.IsEmpty(skin.string(menu8.label))]">$INFO[skin.string(menu8.label)]</value>
		<value>$LOCALIZE[31007]</value>
	</variable>
	<variable name="menu9.label">
		<value condition="!String.IsEmpty(skin.string(menu9.customlabel))">$INFO[skin.string(menu9.customlabel)]</value>
		<value condition="String.IsEmpty(skin.string(menu9.customlabel)) + String.StartsWith(skin.string(menu9.master),addons)">$INFO[system.addontitle(skin.string(menu9.path))]</value>
		<value condition="String.IsEmpty(skin.string(menu9.customlabel)) + ![String.StartsWith(skin.string(menu9.master),addons) | String.IsEmpty(skin.string(menu9.label))]">$INFO[skin.string(menu9.label)]</value>
		<value>$LOCALIZE[31030]</value>
	</variable>
	<variable name="menu10.label">
		<value condition="!String.IsEmpty(skin.string(menu10.customlabel))">$INFO[skin.string(menu10.customlabel)]</value>
		<value condition="String.IsEmpty(skin.string(menu10.customlabel)) + String.StartsWith(skin.string(menu10.master),addons)">$INFO[system.addontitle(skin.string(menu10.path))]</value>
		<value condition="String.IsEmpty(skin.string(menu10.customlabel)) + ![String.StartsWith(skin.string(menu10.master),addons) | String.IsEmpty(skin.string(menu10.label))]">$INFO[skin.string(menu10.label)]</value>
		<value>$LOCALIZE[31008]</value>
	</variable>
	<variable name="menu11.label">
		<value condition="!String.IsEmpty(skin.string(menu11.customlabel))">$INFO[skin.string(menu11.customlabel)]</value>
		<value condition="String.IsEmpty(skin.string(menu11.customlabel)) + String.StartsWith(skin.string(menu11.master),addons)">$INFO[system.addontitle(skin.string(menu11.path))]</value>
		<value condition="String.IsEmpty(skin.string(menu11.customlabel)) + ![String.StartsWith(skin.string(menu11.master),addons) | String.IsEmpty(skin.string(menu11.label))]">$INFO[skin.string(menu11.label)]</value>
		<value>$LOCALIZE[31009]</value>
	</variable>
	<variable name="menu12.label">
		<value condition="!String.IsEmpty(skin.string(menu12.customlabel))">$INFO[skin.string(menu12.customlabel)]</value>
		<value condition="String.IsEmpty(skin.string(menu12.customlabel)) + String.StartsWith(skin.string(menu12.master),addons)">$INFO[system.addontitle(skin.string(menu12.path))]</value>
		<value condition="String.IsEmpty(skin.string(menu12.customlabel)) + ![String.StartsWith(skin.string(menu12.master),addons) | String.IsEmpty(skin.string(menu12.label))]">$INFO[skin.string(menu12.label)]</value>
		<value>$LOCALIZE[31011]</value>
	</variable>
	<variable name="menu13.label">
		<value condition="!String.IsEmpty(skin.string(menu13.customlabel))">$INFO[skin.string(menu13.customlabel)]</value>
		<value condition="String.IsEmpty(skin.string(menu13.customlabel)) + String.StartsWith(skin.string(menu13.master),addons)">$INFO[system.addontitle(skin.string(menu13.path))]</value>
		<value condition="String.IsEmpty(skin.string(menu13.customlabel)) + ![String.StartsWith(skin.string(menu13.master),addons) | String.IsEmpty(skin.string(menu13.label))]">$INFO[skin.string(menu13.label)]</value>
		<value>$LOCALIZE[31057]</value>
	</variable>
	<variable name="menu14.label">
		<value condition="!String.IsEmpty(skin.string(menu14.customlabel))">$INFO[skin.string(menu14.customlabel)]</value>
		<value condition="String.IsEmpty(skin.string(menu14.customlabel)) + String.StartsWith(skin.string(menu14.master),addons)">$INFO[system.addontitle(skin.string(menu14.path))]</value>
		<value condition="String.IsEmpty(skin.string(menu14.customlabel)) + ![String.StartsWith(skin.string(menu14.master),addons) | String.IsEmpty(skin.string(menu14.label))]">$INFO[skin.string(menu14.label)]</value>
		<value>$LOCALIZE[31416]</value>
	</variable>
	<variable name="menu15.label">
		<value condition="!String.IsEmpty(skin.string(menu15.customlabel))">$INFO[skin.string(menu15.customlabel)]</value>
		<value condition="String.IsEmpty(skin.string(menu15.customlabel)) + String.StartsWith(skin.string(menu15.master),addons)">$INFO[system.addontitle(skin.string(menu15.path))]</value>
		<value condition="String.IsEmpty(skin.string(menu15.customlabel)) + ![String.StartsWith(skin.string(menu15.master),addons) | String.IsEmpty(skin.string(menu15.label))]">$INFO[skin.string(menu15.label)]</value>
	</variable>
	<variable name="menu16.label">
		<value condition="!String.IsEmpty(skin.string(menu16.customlabel))">$INFO[skin.string(menu16.customlabel)]</value>
		<value condition="String.IsEmpty(skin.string(menu16.customlabel)) + String.StartsWith(skin.string(menu16.master),addons)">$INFO[system.addontitle(skin.string(menu16.path))]</value>
		<value condition="String.IsEmpty(skin.string(menu16.customlabel)) + ![String.StartsWith(skin.string(menu16.master),addons) | String.IsEmpty(skin.string(menu16.label))]">$INFO[skin.string(menu16.label)]</value>
	</variable>
	<variable name="menu17.label">
		<value condition="!String.IsEmpty(skin.string(menu17.customlabel))">$INFO[skin.string(menu17.customlabel)]</value>
		<value condition="String.IsEmpty(skin.string(menu17.customlabel)) + String.StartsWith(skin.string(menu17.master),addons)">$INFO[system.addontitle(skin.string(menu17.path))]</value>
		<value condition="String.IsEmpty(skin.string(menu17.customlabel)) + ![String.StartsWith(skin.string(menu17.master),addons) | String.IsEmpty(skin.string(menu17.label))]">$INFO[skin.string(menu17.label)]</value>
	</variable>
	<variable name="menu18.label">
		<value condition="!String.IsEmpty(skin.string(menu18.customlabel))">$INFO[skin.string(menu18.customlabel)]</value>
		<value condition="String.IsEmpty(skin.string(menu18.customlabel)) + String.StartsWith(skin.string(menu18.master),addons)">$INFO[system.addontitle(skin.string(menu18.path))]</value>
		<value condition="String.IsEmpty(skin.string(menu18.customlabel)) + ![String.StartsWith(skin.string(menu18.master),addons) | String.IsEmpty(skin.string(menu18.label))]">$INFO[skin.string(menu18.label)]</value>
	</variable>
	<variable name="menu19.label">
		<value condition="!String.IsEmpty(skin.string(menu19.customlabel))">$INFO[skin.string(menu19.customlabel)]</value>
		<value condition="String.IsEmpty(skin.string(menu19.customlabel)) + String.StartsWith(skin.string(menu19.master),addons)">$INFO[system.addontitle(skin.string(menu19.path))]</value>
		<value condition="String.IsEmpty(skin.string(menu19.customlabel)) + ![String.StartsWith(skin.string(menu19.master),addons) | String.IsEmpty(skin.string(menu19.label))]">$INFO[skin.string(menu19.label)]</value>
	</variable>
	<variable name="menu20.label">
		<value condition="!String.IsEmpty(skin.string(menu20.customlabel))">$INFO[skin.string(menu20.customlabel)]</value>
		<value condition="String.IsEmpty(skin.string(menu20.customlabel)) + String.StartsWith(skin.string(menu20.master),addons)">$INFO[system.addontitle(skin.string(menu20.path))]</value>
		<value condition="String.IsEmpty(skin.string(menu20.customlabel)) + ![String.StartsWith(skin.string(menu20.master),addons) | String.IsEmpty(skin.string(menu20.label))]">$INFO[skin.string(menu20.label)]</value>
	</variable>
</includes>
