<?xml version="1.0" encoding="UTF-8"?>
<includes>
	<!-- Aeon MQ 8 -->
	<include name="submenu_font">
		<definition>
			<control type="label">
				<left>$PARAM[left]</left>
				<top>0</top>
				<height>50</height>
				<width>$PARAM[width]</width>
				<align>$PARAM[align]</align>
				<aligny>center</aligny>
				<label>$INFO[ListItem.Label]</label>
				<font>font_button</font>				
			</control>
		</definition>
	</include>
	<include name="submenu_fontfocus">
		<definition>
			<control type="label">
				<left>$PARAM[left]</left>
				<top>0</top>
				<height>50</height>
				<width>$PARAM[width]</width>
				<align>$PARAM[align]</align>
				<aligny>center</aligny>
				<label>$INFO[ListItem.Label]</label>
				<font>font_button</font>				
				<textcolor>$INFO[skin.string(colortextfocused)]</textcolor>
			</control>
		</definition>
	</include>
	<include name="menu_fontstyle">
		<definition>
			<control type="label">
				<left>50</left>
				<top>542</top>
				<height>90</height>
				<width>525</width>
				<align>left</align>
				<aligny>center</aligny>
				<label>$INFO[skin.string(mainmenulabel)]</label>
				<font>$PARAM[font]</font>
				<textcolor>$INFO[skin.string(colorfont)]</textcolor>
				<animation effect="zoom" center="50,20" start="100" end="130" time="400" tween="cubic" easing="out" condition="true">conditional</animation>
				<animation effect="slide" start="0,0" end="700,20" time="250" easing="in" tween="quadratic" condition="Skin.HasSetting(submode) + Skin.HasSetting(mainmenuvertical)">Conditional</animation>
				<visible>$PARAM[visible]</visible>
			</control>
		</definition>
	</include>
	<!-- Mobilia -->
	<include name="submenu_furniture">
		<control type="multiimage">
			<include>backgroundspecs_multi</include>
			<include>animation_fade</include>
			<imagepath background="true">$INFO[Container(9010).ListItem.Icon]</imagepath>
		</control>
		<control type="image">
			<left>0</left>
			<top>525</top>
			<width>1920</width>
			<height>555</height>
			<texture diffuse="shadow_mask.png">$VAR[texture_base]</texture>
			<colordiffuse>$INFO[skin.string(colortexture)]</colordiffuse>
			<animation effect="fade" end="75" condition="true">Conditional</animation>
			<animation effect="fade" time="200">WindowOpen</animation>
			<animation effect="fade" time="200">Visible</animation>
			<animation effect="fade" time="200">WindowClose</animation>
			<animation effect="fade" time="200">Hidden</animation>
			<visible>Skin.HasSetting(submode) + Window.IsVisible(home)</visible>
		</control>
		<control type="image">
			<left>0</left>
			<top>0</top>
			<width>500</width>
			<height>765</height>
			<texture flipx="true" diffuse="shadow_mask_v.png">$VAR[texture_base]</texture>
			<colordiffuse>$INFO[skin.string(colortexture)]</colordiffuse>
			<include>animation_submenu</include>
			<animation effect="fade" end="85" condition="true">Conditional</animation>
			<visible>Window.IsVisible(home) + Skin.HasSetting(mainmenuvertical)</visible>
		</control>
		<control type="group">
			<animation effect="fade" start="0" end="100" time="200" delay="200">WindowOpen</animation>
			<animation effect="fade" start="100" end="0" time="0">WindowClose</animation>
			<animation effect="slide" start="0,180" end="0,100" time="300" tween="cubic" easing="inout" reversible="false" condition="Window.IsVisible(home) + !Skin.HasSetting(mainmenuvertical) + !Integer.IsGreater(Container(9010).numitems,6)">True</animation>
			<animation effect="slide" start="0,180" end="0,50" time="300" tween="cubic" easing="inout" reversible="false" condition="Window.IsVisible(home) + !Skin.HasSetting(mainmenuvertical) + Integer.IsGreater(Container(9010).numitems,6) + !Integer.IsGreater(Container(9010).numitems,12)">True</animation>
			<animation effect="slide" start="0,180" end="0,0" time="300" tween="cubic" easing="inout" reversible="false" condition="Window.IsVisible(home) + !Skin.HasSetting(mainmenuvertical) + Integer.IsGreater(Container(9010).numitems,12)">True</animation>
			<visible>Window.IsVisible(home)</visible>
			<control type="image">
				<left>0</left>
				<top>800</top>
				<width>1920</width>
				<height>87</height>
				<texture>menu_bar.png</texture>
				<colordiffuse>$INFO[skin.string(colormainmenubar)]</colordiffuse>
				<visible>Window.IsVisible(home) + !Skin.HasSetting(mainmenuvertical)</visible>
			</control>
			<control type="image">
				<left>0</left>
				<top>765</top>
				<width>1920</width>
				<height>87</height>
				<texture flipy="true">menu_bar.png</texture>
				<colordiffuse>$INFO[skin.string(colormainmenubar)]</colordiffuse>
				<visible>Window.IsVisible(home) + Skin.HasSetting(mainmenuvertical)</visible>
			</control>
			<!-- Texto copia do menu em foco -->
			<control type="label">
				<left>50</left>
				<top>848</top>
				<width>596</width>
				<height>30</height>
				<align>left</align>
				<aligny>center</aligny>
				<label>$VAR[submenu_status]</label>
				<font>font_plot</font>
				<textcolor>FFF8F8F8</textcolor>
				<animation effect="slide" start="0,0" end="0,-75" time="250" easing="in" tween="quadratic" condition="Skin.HasSetting(mainmenuvertical)">Conditional</animation>
			</control>
			<include content="menu_fontstyle">
				<param name="font" value="font_menu1" />
				<param name="visible" value="String.IsEqual(skin.string(stylefont),font1)" />
			</include>
			<include content="menu_fontstyle">
				<param name="font" value="font_menu2" />
				<param name="visible" value="String.IsEqual(skin.string(stylefont),font2)" />
			</include>
			<include content="menu_fontstyle">
				<param name="font" value="font_menu3" />
				<param name="visible" value="String.IsEqual(skin.string(stylefont),font3)" />
			</include>
			<include content="menu_fontstyle">
				<param name="font" value="font_menu4" />
				<param name="visible" value="String.IsEqual(skin.string(stylefont),font4)" />
			</include>
			<include content="menu_fontstyle">
				<param name="font" value="font_menu5" />
				<param name="visible" value="String.IsEqual(skin.string(stylefont),font5)" />
			</include>
			<include content="menu_fontstyle">
				<param name="font" value="font_menu6" />
				<param name="visible" value="String.IsEqual(skin.string(stylefont),font6)" />
			</include>
			<include content="menu_fontstyle">
				<param name="font" value="font_menu7" />
				<param name="visible" value="String.IsEqual(skin.string(stylefont),font7)" />
			</include>
			<include content="menu_fontstyle">
				<param name="font" value="font_menu8" />
				<param name="visible" value="String.IsEqual(skin.string(stylefont),font8)" />
			</include>			
		</control>
		<include condition="Window.IsVisible(1157)">MenuCustom</include>
	</include>	
	<!-- botao no rodape para alterar modo menu/submenu -->
	<include name="SubmenuGoTo">
		<control type="group">
			<include>animation_fade</include>
			<control type="button" id="5200">
				<left>0</left>
				<top>1035</top>
				<width>450</width>
				<height>44</height>
				<onleft>9000</onleft>
				<onright>9000</onright>
				<onup>9000</onup>
				<ondown>5100</ondown>
				<onclick>Close</onclick>
				<onclick>Skin.Reset(submode)</onclick>
				<align>left</align>
				<font>font_button</font>
				<textwidth>225</textwidth>
				<textcolor>FFF8F8F8</textcolor>
				<focusedcolor>E0101010</focusedcolor>
				<label>$VAR[label1]</label>
				<texturefocus>grey.png</texturefocus>
				<texturenofocus></texturenofocus>
			</control>
			<control type="image">
				<left>30</left>
				<top>1040</top>
				<width>33</width>
				<height>33</height>
				<texture>arrow_left.png</texture>
				<colordiffuse>$VAR[arrow1_color]</colordiffuse>
			</control>
		</control>
	</include>
	<!-- ########## SUBMENU ########## -->
	<include name="submenu">
		<definition>
		<include>animation_submenu</include>
		<viewtype>list</viewtype>
		<left>0</left>
		<top>$PARAM[top]</top>
		<width>$PARAM[width]</width>
		<height>$PARAM[height]</height>
		<onleft>$PARAM[onleft]</onleft>
		<onleft condition="!Skin.HasSetting(nosmartsub)">$PARAM[onleft2]</onleft>
		<onright>$PARAM[onright]</onright>
		<onright>$PARAM[onright2]</onright>
		<onup>$PARAM[onup]</onup>
		<onup>$PARAM[onup2]</onup>
		<onup>$PARAM[onup3]</onup>
		<ondown>$PARAM[ondown]</ondown>
		<ondown condition="!Skin.HasSetting(nosmartsub)">$PARAM[ondown2]</ondown>
		<orientation>$PARAM[orientation]</orientation>
		<scrolltime tween="sine" easing="out">500</scrolltime>
		<focusposition>$PARAM[focusposition]</focusposition>
		<movement>0</movement>
		<itemgap>0</itemgap>
		<itemlayout width="$PARAM[itemlayoutwidth]" height="$PARAM[itemlayoutheight]">
			<!-- azul -->
			<control type="image">
				<left>0</left>
				<top>0</top>
				<width>450</width>
				<height>50</height>
				<texture>grey.png</texture>
				<colordiffuse>50007399</colordiffuse>
				<visible>Window.IsVisible(1157) + ![String.IsEmpty(ListItem.Property(master)) | !String.IsEmpty(ListItem.Property(condition))]</visible>
			</control>
			<!-- vermelho -->
			<control type="image">
				<left>0</left>
				<top>0</top>
				<width>450</width>
				<height>50</height>
				<texture>grey.png</texture>
				<colordiffuse>50B20000</colordiffuse>
				<visible>Window.IsVisible(1157) + [String.IsEmpty(ListItem.Property(master)) | !String.IsEmpty(ListItem.Property(visible))]</visible>
			</control>
			<!-- amarelo -->
			<control type="image">
				<left>0</left>
				<top>0</top>
				<width>450</width>
				<height>50</height>
				<texture>grey.png</texture>
				<colordiffuse>50C4941D</colordiffuse>
				<visible>Window.IsVisible(1157) + String.IsEmpty(ListItem.Property(master))</visible>
			</control>
			<control type="image">
				<left>0</left>
				<top>0</top>
				<width>450</width>
				<height>4</height>
				<texture>divider.png</texture>
				<colordiffuse>90FFFFFF</colordiffuse>
				<visible>Window.IsVisible(1157) | Skin.HasSetting(mainmenuvertical)</visible>
			</control>
			<control type="image">
				<left>0</left>
				<top>0</top>
				<width>320</width>
				<height>50</height>
				<texture colordiffuse="$INFO[skin.string(colortext)]">submenu_button_nofocus.png</texture>
				<visible>Window.IsVisible(home) + !Skin.HasSetting(mainmenuvertical)</visible>
			</control>
			<include content="submenu_font" condition="Window.IsVisible(home) + !Skin.HasSetting(mainmenuvertical)">
				<param name="left" value="11" />
				<param name="width" value="298" />
				<param name="align" value="center" />
			</include>
			<include content="submenu_font" condition="Window.IsVisible(home) + Skin.HasSetting(mainmenuvertical)">
				<param name="left" value="50" />
				<param name="width" value="390" />
				<param name="align" value="left" />
			</include>
			<include content="submenu_font" condition="Window.IsVisible(1157)">
				<param name="left" value="0" />
				<param name="width" value="390" />
				<param name="align" value="right" />
			</include>
		</itemlayout>
		<focusedlayout width="$PARAM[focusedlayoutwidth]" height="$PARAM[focusedlayoutheight]">
			<!-- azul -->
			<control type="image">
				<left>0</left>
				<top>0</top>
				<width>450</width>
				<height>50</height>
				<texture>grey.png</texture>
				<colordiffuse>FF007399</colordiffuse>
				<animation effect="fade" start="100" end="50" time="0" condition="!Skin.HasSetting(submode)">conditional</animation>
				<visible>Window.IsVisible(1157) + ![String.IsEmpty(ListItem.Property(master)) | !String.IsEmpty(ListItem.Property(condition))]</visible>
			</control>
			<!-- vermelho -->
			<control type="image">
				<left>0</left>
				<top>0</top>
				<width>450</width>
				<height>50</height>
				<texture>grey.png</texture>
				<colordiffuse>FFB20000</colordiffuse>
				<animation effect="fade" start="100" end="50" time="0" condition="!Skin.HasSetting(submode)">conditional</animation>
				<visible>Window.IsVisible(1157) + [String.IsEmpty(ListItem.Property(master)) | !String.IsEmpty(ListItem.Property(visible))]</visible>
			</control>
			<!-- amarelo -->
			<control type="image">
				<left>0</left>
				<top>0</top>
				<width>450</width>
				<height>50</height>
				<texture>grey.png</texture>
				<colordiffuse>FFC4941D</colordiffuse>
				<animation effect="fade" start="100" end="50" time="0" condition="!Skin.HasSetting(submode)">conditional</animation>
				<visible>Window.IsVisible(1157) + String.IsEmpty(ListItem.Property(master))</visible>
			</control>
			<control type="image">
				<left>0</left>
				<top>0</top>
				<width>320</width>
				<height>50</height>
				<texture colordiffuse="$INFO[skin.string(colortext)]">white.png</texture>
				<animation effect="fade" start="100" end="50" time="0" condition="!Skin.HasSetting(submode)">conditional</animation>
				<visible>Window.IsVisible(home) + !Skin.HasSetting(mainmenuvertical)</visible>
			</control>
			<control type="image">
				<left>0</left>
				<top>0</top>
				<width>450</width>
				<height>50</height>
				<texture flipx="true" diffuse="shadow_mask_v.png" colordiffuse="$INFO[skin.string(colortext)]">white.png</texture>
				<visible>Window.IsVisible(home) + Skin.HasSetting(mainmenuvertical)</visible>
			</control>
			<include content="submenu_fontfocus" condition="Window.IsVisible(home) + !Skin.HasSetting(mainmenuvertical)">
				<param name="left" value="11" />
				<param name="width" value="298" />
				<param name="align" value="center" />
			</include>
			<include content="submenu_fontfocus" condition="Window.IsVisible(home) + Skin.HasSetting(mainmenuvertical)">
				<param name="left" value="50" />
				<param name="width" value="390" />
				<param name="align" value="left" />
			</include>
			<include content="submenu_fontfocus" condition="Window.IsVisible(1157)">
				<param name="left" value="0" />
				<param name="width" value="390" />
				<param name="align" value="right" />
			</include>
		</focusedlayout>
		</definition>
	</include>	
	<!-- ########## SUBMENU ITENS ########## -->
	<include name="submenu_items">
		<definition>
			<label fallback="31014">$VAR[submenu$PARAM[item].label]</label>
			<icon></icon>
			<thumb>$INFO[skin.string(submenu$PARAM[item].background)]</thumb>
			<property name="customthumb">$INFO[skin.string(submenu$PARAM[item].customthumb)]</property>
			<property name="visible">$INFO[skin.string(submenu$PARAM[item].visible)]</property>
			<property name="name">submenu$PARAM[item]</property>
			<property name="master">$INFO[skin.string(submenu$PARAM[item].master)]</property>
			<property name="control">$INFO[skin.string(submenu$PARAM[item].master)]$PARAM[item]</property>
			<property name="type">$INFO[skin.string(submenu$PARAM[item].type)]</property>
			<onclick condition="Window.IsVisible(home)">Close</onclick>
			<onclick condition="Window.IsVisible(home) + ![String.IsEqual(skin.string(submenu$PARAM[item].master),vplaylist) | String.IsEqual(skin.string(submenu$PARAM[item].master),aplaylist) | String.IsEqual(skin.string(submenu$PARAM[item].master),vnodes) | String.IsEqual(skin.string(submenu$PARAM[item].master),anodes) | String.IsEqual(skin.string(submenu$PARAM[item].master),addons)]">$INFO[skin.string(submenu$PARAM[item].path)]</onclick>
			<onclick condition="Window.IsVisible(home) + [String.IsEqual(skin.string(submenu$PARAM[item].master),vplaylist) | String.IsEqual(skin.string(submenu$PARAM[item].master),vnodes)]">ActivateWindow(videos,$INFO[skin.string(submenu$PARAM[item].path)],return)</onclick>
			<onclick condition="Window.IsVisible(home) + [String.IsEqual(skin.string(submenu$PARAM[item].master),aplaylist) | String.IsEqual(skin.string(submenu$PARAM[item].master),anodes)]">ActivateWindow(music,$INFO[skin.string(submenu$PARAM[item].path)],return)</onclick>
			<onclick condition="Window.IsVisible(home) + String.IsEqual(skin.string(submenu$PARAM[item].master),addons)">RunAddon($INFO[skin.string(submenu$PARAM[item].path)])</onclick>
			<onclick condition="Window.IsVisible(1157)">SetFocus(450)</onclick>
			<visible>![String.IsEmpty(skin.string(submenu$PARAM[item].master)) | String.IsEqual(skin.string(submenu$PARAM[item].visible),off)] | Window.IsVisible(1157)</visible>
		</definition>
	</include>
	<!-- ########## SUBMENU INCLUDES ########## -->
	<include name="submenu1">
		<item>
			<include content="submenu_items">
				<param name="item" value="1.1" />
			</include>
		</item>
		<item>
			<include content="submenu_items">
				<param name="item" value="1.2" />
			</include>
		</item>
		<item>
			<include content="submenu_items">
				<param name="item" value="1.3" />
			</include>
		</item>
		<item>
			<include content="submenu_items">
				<param name="item" value="1.4" />
			</include>
		</item>
		<item>
			<include content="submenu_items">
				<param name="item" value="1.5" />
			</include>
		</item>
		<item>
			<include content="submenu_items">
				<param name="item" value="1.6" />
			</include>
		</item>
		<item>
			<include content="submenu_items">
				<param name="item" value="1.7" />
			</include>
		</item>
		<item>
			<include content="submenu_items">
				<param name="item" value="1.8" />
			</include>
		</item>
		<item>
			<include content="submenu_items">
				<param name="item" value="1.9" />
			</include>
		</item>
		<item>
			<include content="submenu_items">
				<param name="item" value="1.10" />
			</include>
		</item>
		<item>
			<include content="submenu_items">
				<param name="item" value="1.11" />
			</include>
		</item>
		<item>
			<include content="submenu_items">
				<param name="item" value="1.12" />
			</include>
		</item>
		<item>
			<include content="submenu_items">
				<param name="item" value="1.13" />
			</include>
		</item>
		<item>
			<include content="submenu_items">
				<param name="item" value="1.14" />
			</include>
		</item>
		<item>
			<include content="submenu_items">
				<param name="item" value="1.15" />
			</include>
		</item>
		<item>
			<include content="submenu_items">
				<param name="item" value="1.16" />
			</include>
		</item>
		<item>
			<include content="submenu_items">
				<param name="item" value="1.17" />
			</include>
		</item>
		<item>
			<include content="submenu_items">
				<param name="item" value="1.18" />
			</include>
		</item>
		<item>
			<include content="submenu_items">
				<param name="item" value="1.19" />
			</include>
		</item>
		<item>
			<include content="submenu_items">
				<param name="item" value="1.20" />
			</include>
		</item>
	</include>
	<include name="submenu2">
		<item>
			<include content="submenu_items">
				<param name="item" value="2.1" />
			</include>
		</item>
		<item>
			<include content="submenu_items">
				<param name="item" value="2.2" />
			</include>
		</item>
		<item>
			<include content="submenu_items">
				<param name="item" value="2.3" />
			</include>
		</item>
		<item>
			<include content="submenu_items">
				<param name="item" value="2.4" />
			</include>
		</item>
		<item>
			<include content="submenu_items">
				<param name="item" value="2.5" />
			</include>
		</item>
		<item>
			<include content="submenu_items">
				<param name="item" value="2.6" />
			</include>
		</item>
		<item>
			<include content="submenu_items">
				<param name="item" value="2.7" />
			</include>
		</item>
		<item>
			<include content="submenu_items">
				<param name="item" value="2.8" />
			</include>
		</item>
		<item>
			<include content="submenu_items">
				<param name="item" value="2.9" />
			</include>
		</item>
		<item>
			<include content="submenu_items">
				<param name="item" value="2.10" />
			</include>
		</item>
		<item>
			<include content="submenu_items">
				<param name="item" value="2.11" />
			</include>
		</item>
		<item>
			<include content="submenu_items">
				<param name="item" value="2.12" />
			</include>
		</item>
		<item>
			<include content="submenu_items">
				<param name="item" value="2.13" />
			</include>
		</item>
		<item>
			<include content="submenu_items">
				<param name="item" value="2.14" />
			</include>
		</item>
		<item>
			<include content="submenu_items">
				<param name="item" value="2.15" />
			</include>
		</item>
		<item>
			<include content="submenu_items">
				<param name="item" value="2.16" />
			</include>
		</item>
		<item>
			<include content="submenu_items">
				<param name="item" value="2.17" />
			</include>
		</item>
		<item>
			<include content="submenu_items">
				<param name="item" value="2.18" />
			</include>
		</item>
		<item>
			<include content="submenu_items">
				<param name="item" value="2.19" />
			</include>
		</item>
		<item>
			<include content="submenu_items">
				<param name="item" value="2.20" />
			</include>
		</item>
	</include>
	<include name="submenu3">
		<item>
			<include content="submenu_items">
				<param name="item" value="3.1" />
			</include>
		</item>
		<item>
			<include content="submenu_items">
				<param name="item" value="3.2" />
			</include>
		</item>
		<item>
			<include content="submenu_items">
				<param name="item" value="3.3" />
			</include>
		</item>
		<item>
			<include content="submenu_items">
				<param name="item" value="3.4" />
			</include>
		</item>
		<item>
			<include content="submenu_items">
				<param name="item" value="3.5" />
			</include>
		</item>
		<item>
			<include content="submenu_items">
				<param name="item" value="3.6" />
			</include>
		</item>
		<item>
			<include content="submenu_items">
				<param name="item" value="3.7" />
			</include>
		</item>
		<item>
			<include content="submenu_items">
				<param name="item" value="3.8" />
			</include>
		</item>
		<item>
			<include content="submenu_items">
				<param name="item" value="3.9" />
			</include>
		</item>
		<item>
			<include content="submenu_items">
				<param name="item" value="3.10" />
			</include>
		</item>
		<item>
			<include content="submenu_items">
				<param name="item" value="3.11" />
			</include>
		</item>
		<item>
			<include content="submenu_items">
				<param name="item" value="3.12" />
			</include>
		</item>
		<item>
			<include content="submenu_items">
				<param name="item" value="3.13" />
			</include>
		</item>
		<item>
			<include content="submenu_items">
				<param name="item" value="3.14" />
			</include>
		</item>
		<item>
			<include content="submenu_items">
				<param name="item" value="3.15" />
			</include>
		</item>
		<item>
			<include content="submenu_items">
				<param name="item" value="3.16" />
			</include>
		</item>
		<item>
			<include content="submenu_items">
				<param name="item" value="3.17" />
			</include>
		</item>
		<item>
			<include content="submenu_items">
				<param name="item" value="3.18" />
			</include>
		</item>
		<item>
			<include content="submenu_items">
				<param name="item" value="3.19" />
			</include>
		</item>
		<item>
			<include content="submenu_items">
				<param name="item" value="3.20" />
			</include>
		</item>
	</include>
	<include name="submenu4">
		<item>
			<include content="submenu_items">
				<param name="item" value="4.1" />
			</include>
		</item>
		<item>
			<include content="submenu_items">
				<param name="item" value="4.2" />
			</include>
		</item>
		<item>
			<include content="submenu_items">
				<param name="item" value="4.3" />
			</include>
		</item>
		<item>
			<include content="submenu_items">
				<param name="item" value="4.4" />
			</include>
		</item>
		<item>
			<include content="submenu_items">
				<param name="item" value="4.5" />
			</include>
		</item>
		<item>
			<include content="submenu_items">
				<param name="item" value="4.6" />
			</include>
		</item>
		<item>
			<include content="submenu_items">
				<param name="item" value="4.7" />
			</include>
		</item>
		<item>
			<include content="submenu_items">
				<param name="item" value="4.8" />
			</include>
		</item>
		<item>
			<include content="submenu_items">
				<param name="item" value="4.9" />
			</include>
		</item>
		<item>
			<include content="submenu_items">
				<param name="item" value="4.10" />
			</include>
		</item>
		<item>
			<include content="submenu_items">
				<param name="item" value="4.11" />
			</include>
		</item>
		<item>
			<include content="submenu_items">
				<param name="item" value="4.12" />
			</include>
		</item>
		<item>
			<include content="submenu_items">
				<param name="item" value="4.13" />
			</include>
		</item>
		<item>
			<include content="submenu_items">
				<param name="item" value="4.14" />
			</include>
		</item>
		<item>
			<include content="submenu_items">
				<param name="item" value="4.15" />
			</include>
		</item>
		<item>
			<include content="submenu_items">
				<param name="item" value="4.16" />
			</include>
		</item>
		<item>
			<include content="submenu_items">
				<param name="item" value="4.17" />
			</include>
		</item>
		<item>
			<include content="submenu_items">
				<param name="item" value="4.18" />
			</include>
		</item>
		<item>
			<include content="submenu_items">
				<param name="item" value="4.19" />
			</include>
		</item>
		<item>
			<include content="submenu_items">
				<param name="item" value="4.20" />
			</include>
		</item>
	</include>
	<include name="submenu5">
		<item>
			<include content="submenu_items">
				<param name="item" value="5.1" />
			</include>
		</item>
		<item>
			<include content="submenu_items">
				<param name="item" value="5.2" />
			</include>
		</item>
		<item>
			<include content="submenu_items">
				<param name="item" value="5.3" />
			</include>
		</item>
		<item>
			<include content="submenu_items">
				<param name="item" value="5.4" />
			</include>
		</item>
		<item>
			<include content="submenu_items">
				<param name="item" value="5.5" />
			</include>
		</item>
		<item>
			<include content="submenu_items">
				<param name="item" value="5.6" />
			</include>
		</item>
		<item>
			<include content="submenu_items">
				<param name="item" value="5.7" />
			</include>
		</item>
		<item>
			<include content="submenu_items">
				<param name="item" value="5.8" />
			</include>
		</item>
		<item>
			<include content="submenu_items">
				<param name="item" value="5.9" />
			</include>
		</item>
		<item>
			<include content="submenu_items">
				<param name="item" value="5.10" />
			</include>
		</item>
		<item>
			<include content="submenu_items">
				<param name="item" value="5.11" />
			</include>
		</item>
		<item>
			<include content="submenu_items">
				<param name="item" value="5.12" />
			</include>
		</item>
	</include>
	<include name="submenu6">
		<item>
			<include content="submenu_items">
				<param name="item" value="6.1" />
			</include>
		</item>
		<item>
			<include content="submenu_items">
				<param name="item" value="6.2" />
			</include>
		</item>
		<item>
			<include content="submenu_items">
				<param name="item" value="6.3" />
			</include>
		</item>
		<item>
			<include content="submenu_items">
				<param name="item" value="6.4" />
			</include>
		</item>
		<item>
			<include content="submenu_items">
				<param name="item" value="6.5" />
			</include>
		</item>
		<item>
			<include content="submenu_items">
				<param name="item" value="6.6" />
			</include>
		</item>
		<item>
			<include content="submenu_items">
				<param name="item" value="6.7" />
			</include>
		</item>
		<item>
			<include content="submenu_items">
				<param name="item" value="6.8" />
			</include>
		</item>
		<item>
			<include content="submenu_items">
				<param name="item" value="6.9" />
			</include>
		</item>
		<item>
			<include content="submenu_items">
				<param name="item" value="6.10" />
			</include>
		</item>
		<item>
			<include content="submenu_items">
				<param name="item" value="6.11" />
			</include>
		</item>
		<item>
			<include content="submenu_items">
				<param name="item" value="6.12" />
			</include>
		</item>
	</include>
	<include name="submenu7">
		<item>
			<include content="submenu_items">
				<param name="item" value="7.1" />
			</include>
		</item>
		<item>
			<include content="submenu_items">
				<param name="item" value="7.2" />
			</include>
		</item>
		<item>
			<include content="submenu_items">
				<param name="item" value="7.3" />
			</include>
		</item>
		<item>
			<include content="submenu_items">
				<param name="item" value="7.4" />
			</include>
		</item>
		<item>
			<include content="submenu_items">
				<param name="item" value="7.5" />
			</include>
		</item>
		<item>
			<include content="submenu_items">
				<param name="item" value="7.6" />
			</include>
		</item>
		<item>
			<include content="submenu_items">
				<param name="item" value="7.7" />
			</include>
		</item>
		<item>
			<include content="submenu_items">
				<param name="item" value="7.8" />
			</include>
		</item>
		<item>
			<include content="submenu_items">
				<param name="item" value="7.9" />
			</include>
		</item>
		<item>
			<include content="submenu_items">
				<param name="item" value="7.10" />
			</include>
		</item>
		<item>
			<include content="submenu_items">
				<param name="item" value="7.11" />
			</include>
		</item>
		<item>
			<include content="submenu_items">
				<param name="item" value="7.12" />
			</include>
		</item>
	</include>
	<include name="submenu8">
		<item>
			<include content="submenu_items">
				<param name="item" value="8.1" />
			</include>
		</item>
		<item>
			<include content="submenu_items">
				<param name="item" value="8.2" />
			</include>
		</item>
		<item>
			<include content="submenu_items">
				<param name="item" value="8.3" />
			</include>
		</item>
		<item>
			<include content="submenu_items">
				<param name="item" value="8.4" />
			</include>
		</item>
		<item>
			<include content="submenu_items">
				<param name="item" value="8.5" />
			</include>
		</item>
		<item>
			<include content="submenu_items">
				<param name="item" value="8.6" />
			</include>
		</item>
		<item>
			<include content="submenu_items">
				<param name="item" value="8.7" />
			</include>
		</item>
		<item>
			<include content="submenu_items">
				<param name="item" value="8.8" />
			</include>
		</item>
		<item>
			<include content="submenu_items">
				<param name="item" value="8.9" />
			</include>
		</item>
		<item>
			<include content="submenu_items">
				<param name="item" value="8.10" />
			</include>
		</item>
		<item>
			<include content="submenu_items">
				<param name="item" value="8.11" />
			</include>
		</item>
		<item>
			<include content="submenu_items">
				<param name="item" value="8.12" />
			</include>
		</item>
	</include>
	<include name="submenu9">
		<item>
			<include content="submenu_items">
				<param name="item" value="9.1" />
			</include>
		</item>
		<item>
			<include content="submenu_items">
				<param name="item" value="9.2" />
			</include>
		</item>
		<item>
			<include content="submenu_items">
				<param name="item" value="9.3" />
			</include>
		</item>
		<item>
			<include content="submenu_items">
				<param name="item" value="9.4" />
			</include>
		</item>
		<item>
			<include content="submenu_items">
				<param name="item" value="9.5" />
			</include>
		</item>
		<item>
			<include content="submenu_items">
				<param name="item" value="9.6" />
			</include>
		</item>
		<item>
			<include content="submenu_items">
				<param name="item" value="9.7" />
			</include>
		</item>
		<item>
			<include content="submenu_items">
				<param name="item" value="9.8" />
			</include>
		</item>
		<item>
			<include content="submenu_items">
				<param name="item" value="9.9" />
			</include>
		</item>
		<item>
			<include content="submenu_items">
				<param name="item" value="9.10" />
			</include>
		</item>
		<item>
			<include content="submenu_items">
				<param name="item" value="9.11" />
			</include>
		</item>
		<item>
			<include content="submenu_items">
				<param name="item" value="9.12" />
			</include>
		</item>
	</include>
	<include name="submenu10">
		<item>
			<include content="submenu_items">
				<param name="item" value="10.1" />
			</include>
		</item>
		<item>
			<include content="submenu_items">
				<param name="item" value="10.2" />
			</include>
		</item>
		<item>
			<include content="submenu_items">
				<param name="item" value="10.3" />
			</include>
		</item>
		<item>
			<include content="submenu_items">
				<param name="item" value="10.4" />
			</include>
		</item>
		<item>
			<include content="submenu_items">
				<param name="item" value="10.5" />
			</include>
		</item>
		<item>
			<include content="submenu_items">
				<param name="item" value="10.6" />
			</include>
		</item>
		<item>
			<include content="submenu_items">
				<param name="item" value="10.7" />
			</include>
		</item>
		<item>
			<include content="submenu_items">
				<param name="item" value="10.8" />
			</include>
		</item>
		<item>
			<include content="submenu_items">
				<param name="item" value="10.9" />
			</include>
		</item>
		<item>
			<include content="submenu_items">
				<param name="item" value="10.10" />
			</include>
		</item>
		<item>
			<include content="submenu_items">
				<param name="item" value="10.11" />
			</include>
		</item>
		<item>
			<include content="submenu_items">
				<param name="item" value="10.12" />
			</include>
		</item>
	</include>
	<include name="submenu11">
		<item>
			<include content="submenu_items">
				<param name="item" value="11.1" />
			</include>
		</item>
		<item>
			<include content="submenu_items">
				<param name="item" value="11.2" />
			</include>
		</item>
		<item>
			<include content="submenu_items">
				<param name="item" value="11.3" />
			</include>
		</item>
		<item>
			<include content="submenu_items">
				<param name="item" value="11.4" />
			</include>
		</item>
		<item>
			<include content="submenu_items">
				<param name="item" value="11.5" />
			</include>
		</item>
		<item>
			<include content="submenu_items">
				<param name="item" value="11.6" />
			</include>
		</item>
		<item>
			<include content="submenu_items">
				<param name="item" value="11.7" />
			</include>
		</item>
		<item>
			<include content="submenu_items">
				<param name="item" value="11.8" />
			</include>
		</item>
		<item>
			<include content="submenu_items">
				<param name="item" value="11.9" />
			</include>
		</item>
		<item>
			<include content="submenu_items">
				<param name="item" value="11.10" />
			</include>
		</item>
		<item>
			<include content="submenu_items">
				<param name="item" value="11.11" />
			</include>
		</item>
		<item>
			<include content="submenu_items">
				<param name="item" value="11.12" />
			</include>
		</item>
	</include>
	<include name="submenu12">
		<item>
			<include content="submenu_items">
				<param name="item" value="12.1" />
			</include>
		</item>
		<item>
			<include content="submenu_items">
				<param name="item" value="12.2" />
			</include>
		</item>
		<item>
			<include content="submenu_items">
				<param name="item" value="12.3" />
			</include>
		</item>
		<item>
			<include content="submenu_items">
				<param name="item" value="12.4" />
			</include>
		</item>
		<item>
			<include content="submenu_items">
				<param name="item" value="12.5" />
			</include>
		</item>
		<item>
			<include content="submenu_items">
				<param name="item" value="12.6" />
			</include>
		</item>
		<item>
			<include content="submenu_items">
				<param name="item" value="12.7" />
			</include>
		</item>
		<item>
			<include content="submenu_items">
				<param name="item" value="12.8" />
			</include>
		</item>
		<item>
			<include content="submenu_items">
				<param name="item" value="12.9" />
			</include>
		</item>
		<item>
			<include content="submenu_items">
				<param name="item" value="12.10" />
			</include>
		</item>
		<item>
			<include content="submenu_items">
				<param name="item" value="12.11" />
			</include>
		</item>
		<item>
			<include content="submenu_items">
				<param name="item" value="12.12" />
			</include>
		</item>
	</include>
	<include name="submenu13">
		<item>
			<include content="submenu_items">
				<param name="item" value="13.1" />
			</include>
		</item>
		<item>
			<include content="submenu_items">
				<param name="item" value="13.2" />
			</include>
		</item>
		<item>
			<include content="submenu_items">
				<param name="item" value="13.3" />
			</include>
		</item>
		<item>
			<include content="submenu_items">
				<param name="item" value="13.4" />
			</include>
		</item>
		<item>
			<include content="submenu_items">
				<param name="item" value="13.5" />
			</include>
		</item>
		<item>
			<include content="submenu_items">
				<param name="item" value="13.6" />
			</include>
		</item>
		<item>
			<include content="submenu_items">
				<param name="item" value="13.7" />
			</include>
		</item>
		<item>
			<include content="submenu_items">
				<param name="item" value="13.8" />
			</include>
		</item>
		<item>
			<include content="submenu_items">
				<param name="item" value="13.9" />
			</include>
		</item>
		<item>
			<include content="submenu_items">
				<param name="item" value="13.10" />
			</include>
		</item>
		<item>
			<include content="submenu_items">
				<param name="item" value="13.11" />
			</include>
		</item>
		<item>
			<include content="submenu_items">
				<param name="item" value="13.12" />
			</include>
		</item>
	</include>
	<include name="submenu14">
		<item>
			<include content="submenu_items">
				<param name="item" value="14.1" />
			</include>
		</item>
		<item>
			<include content="submenu_items">
				<param name="item" value="14.2" />
			</include>
		</item>
		<item>
			<include content="submenu_items">
				<param name="item" value="14.3" />
			</include>
		</item>
		<item>
			<include content="submenu_items">
				<param name="item" value="14.4" />
			</include>
		</item>
		<item>
			<include content="submenu_items">
				<param name="item" value="14.5" />
			</include>
		</item>
		<item>
			<include content="submenu_items">
				<param name="item" value="14.6" />
			</include>
		</item>
		<item>
			<include content="submenu_items">
				<param name="item" value="14.7" />
			</include>
		</item>
		<item>
			<include content="submenu_items">
				<param name="item" value="14.8" />
			</include>
		</item>
		<item>
			<include content="submenu_items">
				<param name="item" value="14.9" />
			</include>
		</item>
		<item>
			<include content="submenu_items">
				<param name="item" value="14.10" />
			</include>
		</item>
		<item>
			<include content="submenu_items">
				<param name="item" value="14.11" />
			</include>
		</item>
		<item>
			<include content="submenu_items">
				<param name="item" value="14.12" />
			</include>
		</item>
	</include>
	<include name="submenu21">
		<item>
			<include content="submenu_items">
				<param name="item" value="21.1" />
			</include>
		</item>
		<item>
			<include content="submenu_items">
				<param name="item" value="21.2" />
			</include>
		</item>
		<item>
			<include content="submenu_items">
				<param name="item" value="21.3" />
			</include>
		</item>
		<item>
			<include content="submenu_items">
				<param name="item" value="21.4" />
			</include>
		</item>
		<item>
			<include content="submenu_items">
				<param name="item" value="21.5" />
			</include>
		</item>
		<item>
			<include content="submenu_items">
				<param name="item" value="21.6" />
			</include>
		</item>
		<item>
			<include content="submenu_items">
				<param name="item" value="21.7" />
			</include>
		</item>
		<item>
			<include content="submenu_items">
				<param name="item" value="21.8" />
			</include>
		</item>
		<item>
			<include content="submenu_items">
				<param name="item" value="21.9" />
			</include>
		</item>
		<item>
			<include content="submenu_items">
				<param name="item" value="21.10" />
			</include>
		</item>
		<item>
			<include content="submenu_items">
				<param name="item" value="21.11" />
			</include>
		</item>
		<item>
			<include content="submenu_items">
				<param name="item" value="21.12" />
			</include>
		</item>
	</include>
	<include name="submenu22">
		<item>
			<include content="submenu_items">
				<param name="item" value="22.1" />
			</include>
		</item>
		<item>
			<include content="submenu_items">
				<param name="item" value="22.2" />
			</include>
		</item>
		<item>
			<include content="submenu_items">
				<param name="item" value="22.3" />
			</include>
		</item>
		<item>
			<include content="submenu_items">
				<param name="item" value="22.4" />
			</include>
		</item>
		<item>
			<include content="submenu_items">
				<param name="item" value="22.5" />
			</include>
		</item>
		<item>
			<include content="submenu_items">
				<param name="item" value="22.6" />
			</include>
		</item>
		<item>
			<include content="submenu_items">
				<param name="item" value="22.7" />
			</include>
		</item>
		<item>
			<include content="submenu_items">
				<param name="item" value="22.8" />
			</include>
		</item>
		<item>
			<include content="submenu_items">
				<param name="item" value="22.9" />
			</include>
		</item>
		<item>
			<include content="submenu_items">
				<param name="item" value="22.10" />
			</include>
		</item>
		<item>
			<include content="submenu_items">
				<param name="item" value="22.11" />
			</include>
		</item>
		<item>
			<include content="submenu_items">
				<param name="item" value="22.12" />
			</include>
		</item>
	</include>
	<include name="submenu23">
		<item>
			<include content="submenu_items">
				<param name="item" value="23.1" />
			</include>
		</item>
		<item>
			<include content="submenu_items">
				<param name="item" value="23.2" />
			</include>
		</item>
		<item>
			<include content="submenu_items">
				<param name="item" value="23.3" />
			</include>
		</item>
		<item>
			<include content="submenu_items">
				<param name="item" value="23.4" />
			</include>
		</item>
		<item>
			<include content="submenu_items">
				<param name="item" value="23.5" />
			</include>
		</item>
		<item>
			<include content="submenu_items">
				<param name="item" value="23.6" />
			</include>
		</item>
		<item>
			<include content="submenu_items">
				<param name="item" value="23.7" />
			</include>
		</item>
		<item>
			<include content="submenu_items">
				<param name="item" value="23.8" />
			</include>
		</item>
		<item>
			<include content="submenu_items">
				<param name="item" value="23.9" />
			</include>
		</item>
		<item>
			<include content="submenu_items">
				<param name="item" value="23.10" />
			</include>
		</item>
		<item>
			<include content="submenu_items">
				<param name="item" value="23.11" />
			</include>
		</item>
		<item>
			<include content="submenu_items">
				<param name="item" value="23.12" />
			</include>
		</item>
	</include>
	<include name="submenu24">
		<item>
			<include content="submenu_items">
				<param name="item" value="24.1" />
			</include>
		</item>
		<item>
			<include content="submenu_items">
				<param name="item" value="24.2" />
			</include>
		</item>
		<item>
			<include content="submenu_items">
				<param name="item" value="24.3" />
			</include>
		</item>
		<item>
			<include content="submenu_items">
				<param name="item" value="24.4" />
			</include>
		</item>
		<item>
			<include content="submenu_items">
				<param name="item" value="24.5" />
			</include>
		</item>
		<item>
			<include content="submenu_items">
				<param name="item" value="24.6" />
			</include>
		</item>
		<item>
			<include content="submenu_items">
				<param name="item" value="24.7" />
			</include>
		</item>
		<item>
			<include content="submenu_items">
				<param name="item" value="24.8" />
			</include>
		</item>
		<item>
			<include content="submenu_items">
				<param name="item" value="24.9" />
			</include>
		</item>
		<item>
			<include content="submenu_items">
				<param name="item" value="24.10" />
			</include>
		</item>
		<item>
			<include content="submenu_items">
				<param name="item" value="24.11" />
			</include>
		</item>
		<item>
			<include content="submenu_items">
				<param name="item" value="24.12" />
			</include>
		</item>
	</include>
	<include name="submenu25">
		<item>
			<include content="submenu_items">
				<param name="item" value="25.1" />
			</include>
		</item>
		<item>
			<include content="submenu_items">
				<param name="item" value="25.2" />
			</include>
		</item>
		<item>
			<include content="submenu_items">
				<param name="item" value="25.3" />
			</include>
		</item>
		<item>
			<include content="submenu_items">
				<param name="item" value="25.4" />
			</include>
		</item>
		<item>
			<include content="submenu_items">
				<param name="item" value="25.5" />
			</include>
		</item>
		<item>
			<include content="submenu_items">
				<param name="item" value="25.6" />
			</include>
		</item>
		<item>
			<include content="submenu_items">
				<param name="item" value="25.7" />
			</include>
		</item>
		<item>
			<include content="submenu_items">
				<param name="item" value="25.8" />
			</include>
		</item>
		<item>
			<include content="submenu_items">
				<param name="item" value="25.9" />
			</include>
		</item>
		<item>
			<include content="submenu_items">
				<param name="item" value="25.10" />
			</include>
		</item>
		<item>
			<include content="submenu_items">
				<param name="item" value="25.11" />
			</include>
		</item>
		<item>
			<include content="submenu_items">
				<param name="item" value="25.12" />
			</include>
		</item>
	</include>
	<include name="submenu26">
		<item>
			<include content="submenu_items">
				<param name="item" value="26.1" />
			</include>
		</item>
		<item>
			<include content="submenu_items">
				<param name="item" value="26.2" />
			</include>
		</item>
		<item>
			<include content="submenu_items">
				<param name="item" value="26.3" />
			</include>
		</item>
		<item>
			<include content="submenu_items">
				<param name="item" value="26.4" />
			</include>
		</item>
		<item>
			<include content="submenu_items">
				<param name="item" value="26.5" />
			</include>
		</item>
		<item>
			<include content="submenu_items">
				<param name="item" value="26.6" />
			</include>
		</item>
		<item>
			<include content="submenu_items">
				<param name="item" value="26.7" />
			</include>
		</item>
		<item>
			<include content="submenu_items">
				<param name="item" value="26.8" />
			</include>
		</item>
		<item>
			<include content="submenu_items">
				<param name="item" value="26.9" />
			</include>
		</item>
		<item>
			<include content="submenu_items">
				<param name="item" value="26.10" />
			</include>
		</item>
		<item>
			<include content="submenu_items">
				<param name="item" value="26.11" />
			</include>
		</item>
		<item>
			<include content="submenu_items">
				<param name="item" value="26.12" />
			</include>
		</item>
	</include>
	<include name="submenu27">
		<item>
			<include content="submenu_items">
				<param name="item" value="27.1" />
			</include>
		</item>
		<item>
			<include content="submenu_items">
				<param name="item" value="27.2" />
			</include>
		</item>
		<item>
			<include content="submenu_items">
				<param name="item" value="27.3" />
			</include>
		</item>
		<item>
			<include content="submenu_items">
				<param name="item" value="27.4" />
			</include>
		</item>
		<item>
			<include content="submenu_items">
				<param name="item" value="27.5" />
			</include>
		</item>
		<item>
			<include content="submenu_items">
				<param name="item" value="27.6" />
			</include>
		</item>
		<item>
			<include content="submenu_items">
				<param name="item" value="27.7" />
			</include>
		</item>
		<item>
			<include content="submenu_items">
				<param name="item" value="27.8" />
			</include>
		</item>
		<item>
			<include content="submenu_items">
				<param name="item" value="27.9" />
			</include>
		</item>
		<item>
			<include content="submenu_items">
				<param name="item" value="27.10" />
			</include>
		</item>
		<item>
			<include content="submenu_items">
				<param name="item" value="27.11" />
			</include>
		</item>
		<item>
			<include content="submenu_items">
				<param name="item" value="27.12" />
			</include>
		</item>
	</include>
	<include name="submenu28">
		<item>
			<include content="submenu_items">
				<param name="item" value="28.1" />
			</include>
		</item>
		<item>
			<include content="submenu_items">
				<param name="item" value="28.2" />
			</include>
		</item>
		<item>
			<include content="submenu_items">
				<param name="item" value="28.3" />
			</include>
		</item>
		<item>
			<include content="submenu_items">
				<param name="item" value="28.4" />
			</include>
		</item>
		<item>
			<include content="submenu_items">
				<param name="item" value="28.5" />
			</include>
		</item>
		<item>
			<include content="submenu_items">
				<param name="item" value="28.6" />
			</include>
		</item>
		<item>
			<include content="submenu_items">
				<param name="item" value="28.7" />
			</include>
		</item>
		<item>
			<include content="submenu_items">
				<param name="item" value="28.8" />
			</include>
		</item>
		<item>
			<include content="submenu_items">
				<param name="item" value="28.9" />
			</include>
		</item>
		<item>
			<include content="submenu_items">
				<param name="item" value="28.10" />
			</include>
		</item>
		<item>
			<include content="submenu_items">
				<param name="item" value="28.11" />
			</include>
		</item>
		<item>
			<include content="submenu_items">
				<param name="item" value="28.12" />
			</include>
		</item>
	</include>
	<include name="submenu29">
		<item>
			<include content="submenu_items">
				<param name="item" value="29.1" />
			</include>
		</item>
		<item>
			<include content="submenu_items">
				<param name="item" value="29.2" />
			</include>
		</item>
		<item>
			<include content="submenu_items">
				<param name="item" value="29.3" />
			</include>
		</item>
		<item>
			<include content="submenu_items">
				<param name="item" value="29.4" />
			</include>
		</item>
		<item>
			<include content="submenu_items">
				<param name="item" value="29.5" />
			</include>
		</item>
		<item>
			<include content="submenu_items">
				<param name="item" value="29.6" />
			</include>
		</item>
		<item>
			<include content="submenu_items">
				<param name="item" value="29.7" />
			</include>
		</item>
		<item>
			<include content="submenu_items">
				<param name="item" value="29.8" />
			</include>
		</item>
		<item>
			<include content="submenu_items">
				<param name="item" value="29.9" />
			</include>
		</item>
		<item>
			<include content="submenu_items">
				<param name="item" value="29.10" />
			</include>
		</item>
		<item>
			<include content="submenu_items">
				<param name="item" value="29.11" />
			</include>
		</item>
		<item>
			<include content="submenu_items">
				<param name="item" value="29.12" />
			</include>
		</item>
	</include>
	<include name="submenu30">
		<item>
			<include content="submenu_items">
				<param name="item" value="30.1" />
			</include>
		</item>
		<item>
			<include content="submenu_items">
				<param name="item" value="30.2" />
			</include>
		</item>
		<item>
			<include content="submenu_items">
				<param name="item" value="30.3" />
			</include>
		</item>
		<item>
			<include content="submenu_items">
				<param name="item" value="30.4" />
			</include>
		</item>
		<item>
			<include content="submenu_items">
				<param name="item" value="30.5" />
			</include>
		</item>
		<item>
			<include content="submenu_items">
				<param name="item" value="30.6" />
			</include>
		</item>
		<item>
			<include content="submenu_items">
				<param name="item" value="30.7" />
			</include>
		</item>
		<item>
			<include content="submenu_items">
				<param name="item" value="30.8" />
			</include>
		</item>
		<item>
			<include content="submenu_items">
				<param name="item" value="30.9" />
			</include>
		</item>
		<item>
			<include content="submenu_items">
				<param name="item" value="30.10" />
			</include>
		</item>
		<item>
			<include content="submenu_items">
				<param name="item" value="30.11" />
			</include>
		</item>
		<item>
			<include content="submenu_items">
				<param name="item" value="30.12" />
			</include>
		</item>
	</include>
	<include name="submenu31">
		<item>
			<include content="submenu_items">
				<param name="item" value="31.1" />
			</include>
		</item>
		<item>
			<include content="submenu_items">
				<param name="item" value="31.2" />
			</include>
		</item>
		<item>
			<include content="submenu_items">
				<param name="item" value="31.3" />
			</include>
		</item>
		<item>
			<include content="submenu_items">
				<param name="item" value="31.4" />
			</include>
		</item>
		<item>
			<include content="submenu_items">
				<param name="item" value="31.5" />
			</include>
		</item>
		<item>
			<include content="submenu_items">
				<param name="item" value="31.6" />
			</include>
		</item>
		<item>
			<include content="submenu_items">
				<param name="item" value="31.7" />
			</include>
		</item>
		<item>
			<include content="submenu_items">
				<param name="item" value="31.8" />
			</include>
		</item>
		<item>
			<include content="submenu_items">
				<param name="item" value="31.9" />
			</include>
		</item>
		<item>
			<include content="submenu_items">
				<param name="item" value="31.10" />
			</include>
		</item>
		<item>
			<include content="submenu_items">
				<param name="item" value="31.11" />
			</include>
		</item>
		<item>
			<include content="submenu_items">
				<param name="item" value="31.12" />
			</include>
		</item>
	</include>
	<include name="submenu41">
		<item>
			<include content="submenu_items">
				<param name="item" value="41.1" />
			</include>
		</item>
		<item>
			<include content="submenu_items">
				<param name="item" value="41.2" />
			</include>
		</item>
		<item>
			<include content="submenu_items">
				<param name="item" value="41.3" />
			</include>
		</item>
		<item>
			<include content="submenu_items">
				<param name="item" value="41.4" />
			</include>
		</item>
		<item>
			<include content="submenu_items">
				<param name="item" value="41.5" />
			</include>
		</item>
		<item>
			<include content="submenu_items">
				<param name="item" value="41.6" />
			</include>
		</item>
		<item>
			<include content="submenu_items">
				<param name="item" value="41.7" />
			</include>
		</item>
		<item>
			<include content="submenu_items">
				<param name="item" value="41.8" />
			</include>
		</item>
		<item>
			<include content="submenu_items">
				<param name="item" value="41.9" />
			</include>
		</item>
		<item>
			<include content="submenu_items">
				<param name="item" value="41.10" />
			</include>
		</item>
		<item>
			<include content="submenu_items">
				<param name="item" value="41.11" />
			</include>
		</item>
		<item>
			<include content="submenu_items">
				<param name="item" value="41.12" />
			</include>
		</item>
	</include>
	<include name="submenu42">
		<item>
			<include content="submenu_items">
				<param name="item" value="42.1" />
			</include>
		</item>
		<item>
			<include content="submenu_items">
				<param name="item" value="42.2" />
			</include>
		</item>
		<item>
			<include content="submenu_items">
				<param name="item" value="42.3" />
			</include>
		</item>
		<item>
			<include content="submenu_items">
				<param name="item" value="42.4" />
			</include>
		</item>
		<item>
			<include content="submenu_items">
				<param name="item" value="42.5" />
			</include>
		</item>
		<item>
			<include content="submenu_items">
				<param name="item" value="42.6" />
			</include>
		</item>
		<item>
			<include content="submenu_items">
				<param name="item" value="42.7" />
			</include>
		</item>
		<item>
			<include content="submenu_items">
				<param name="item" value="42.8" />
			</include>
		</item>
		<item>
			<include content="submenu_items">
				<param name="item" value="42.9" />
			</include>
		</item>
		<item>
			<include content="submenu_items">
				<param name="item" value="42.10" />
			</include>
		</item>
		<item>
			<include content="submenu_items">
				<param name="item" value="42.11" />
			</include>
		</item>
		<item>
			<include content="submenu_items">
				<param name="item" value="42.12" />
			</include>
		</item>
	</include>
	<include name="submenu43">
		<item>
			<include content="submenu_items">
				<param name="item" value="43.1" />
			</include>
		</item>
		<item>
			<include content="submenu_items">
				<param name="item" value="43.2" />
			</include>
		</item>
		<item>
			<include content="submenu_items">
				<param name="item" value="43.3" />
			</include>
		</item>
		<item>
			<include content="submenu_items">
				<param name="item" value="43.4" />
			</include>
		</item>
		<item>
			<include content="submenu_items">
				<param name="item" value="43.5" />
			</include>
		</item>
		<item>
			<include content="submenu_items">
				<param name="item" value="43.6" />
			</include>
		</item>
		<item>
			<include content="submenu_items">
				<param name="item" value="43.7" />
			</include>
		</item>
		<item>
			<include content="submenu_items">
				<param name="item" value="43.8" />
			</include>
		</item>
		<item>
			<include content="submenu_items">
				<param name="item" value="43.9" />
			</include>
		</item>
		<item>
			<include content="submenu_items">
				<param name="item" value="43.10" />
			</include>
		</item>
		<item>
			<include content="submenu_items">
				<param name="item" value="43.11" />
			</include>
		</item>
		<item>
			<include content="submenu_items">
				<param name="item" value="43.12" />
			</include>
		</item>
	</include>
	<include name="submenu44">
		<item>
			<include content="submenu_items">
				<param name="item" value="44.1" />
			</include>
		</item>
		<item>
			<include content="submenu_items">
				<param name="item" value="44.2" />
			</include>
		</item>
		<item>
			<include content="submenu_items">
				<param name="item" value="44.3" />
			</include>
		</item>
		<item>
			<include content="submenu_items">
				<param name="item" value="44.4" />
			</include>
		</item>
		<item>
			<include content="submenu_items">
				<param name="item" value="44.5" />
			</include>
		</item>
		<item>
			<include content="submenu_items">
				<param name="item" value="44.6" />
			</include>
		</item>
		<item>
			<include content="submenu_items">
				<param name="item" value="44.7" />
			</include>
		</item>
		<item>
			<include content="submenu_items">
				<param name="item" value="44.8" />
			</include>
		</item>
		<item>
			<include content="submenu_items">
				<param name="item" value="44.9" />
			</include>
		</item>
		<item>
			<include content="submenu_items">
				<param name="item" value="44.10" />
			</include>
		</item>
		<item>
			<include content="submenu_items">
				<param name="item" value="44.11" />
			</include>
		</item>
		<item>
			<include content="submenu_items">
				<param name="item" value="44.12" />
			</include>
		</item>
	</include>
	<include name="submenu45">
		<item>
			<include content="submenu_items">
				<param name="item" value="45.1" />
			</include>
		</item>
		<item>
			<include content="submenu_items">
				<param name="item" value="45.2" />
			</include>
		</item>
		<item>
			<include content="submenu_items">
				<param name="item" value="45.3" />
			</include>
		</item>
		<item>
			<include content="submenu_items">
				<param name="item" value="45.4" />
			</include>
		</item>
		<item>
			<include content="submenu_items">
				<param name="item" value="45.5" />
			</include>
		</item>
		<item>
			<include content="submenu_items">
				<param name="item" value="45.6" />
			</include>
		</item>
		<item>
			<include content="submenu_items">
				<param name="item" value="45.7" />
			</include>
		</item>
		<item>
			<include content="submenu_items">
				<param name="item" value="45.8" />
			</include>
		</item>
		<item>
			<include content="submenu_items">
				<param name="item" value="45.9" />
			</include>
		</item>
		<item>
			<include content="submenu_items">
				<param name="item" value="45.10" />
			</include>
		</item>
		<item>
			<include content="submenu_items">
				<param name="item" value="45.11" />
			</include>
		</item>
		<item>
			<include content="submenu_items">
				<param name="item" value="45.12" />
			</include>
		</item>
	</include>
</includes>