<?xml version="1.0" encoding="UTF-8" standalone="yes"?>
<addon id="plugin.program.AresMilhano18" name=" [B][COLOR orange]Ares Milhano Wizard[/COLOR][/B]" version="1.1" provider-name="[B][COLOR red]Milhano[/COLOR][/B]">
  <requires>
    <import addon="xbmc.python" version="2.1.0"/>
	</requires>
  <extension point="xbmc.python.pluginsource" library="default.py">
        <provides>executable</provides>
  </extension>
  <extension point="xbmc.service" library="startup.py" start="startup" />
  <extension point="xbmc.addon.metadata">
    <summary lang="en">Ares Milhano Wizard</summary>
    <description lang="en">Em breve mais novidades...</description>
    <platform>all</platform>
  </extension>
</addon>