<?xml version="1.0" encoding="UTF-8" standalone="yes"?>
<addon id="script.MILHANOPAIR"
  name="[B][COLORblue]MILHANO[/COLOR][/B][COLORwhite]PAIR[/COLOR]"
  version="0.0.2" 
  provider-name="MILHANO">
  <requires>
    <import addon="xbmc.python" version="2.1.0"/>
    <import addon="repository.milhano"/>		
  </requires>
  <extension point="xbmc.python.script" library="addon.py">
    <provides>executable</provides>
  </extension>
  <extension point="xbmc.addon.metadata">
    <platform>all</platform>
    <summary lang="de">MILHANO Pairing-Script</summary>
    <description lang="en"></description>
	<disclaimer></disclaimer>
  </extension>
</addon>
