<?xml version="1.0" encoding="UTF-8" standalone="yes"?>
<addon id="plugin.video.alado" name="ALADO" version="1.5" provider-name="alado">
  <requires>
    <import addon="xbmc.python" version="2.1.0"/>
    <import addon="script.module.beautifulsoup" version="3.2.1"/>
    <import addon="script.module.simple.downloader" version="0.9.4"/>
    <import addon="script.module.beautifulsoup4"/>
    <import addon="script.module.requests"/>
    <import addon="script.module.httplib2"/>
    <import addon="script.module.youtube.dl" optional="true"/>
    <import addon="plugin.video.youtube"/>
    <import addon="script.module.urlresolver" optional="true"/>
    <import addon="script.module.simplejson"/>
  </requires>
  <extension point="xbmc.python.pluginsource" library="default.py">
    <provides>video</provides>
  </extension>
	<extension point="xbmc.addon.repository" name="tvtuga Repository">
		<info compressed="false">http://raw.github.com/Milhano/repository.tvtuga/master/addons.xml</info>
		<checksum>http://raw.github.com/Milhano/repository.tvtuga/master/addons.xml.md5</checksum>
		<datadir zip="true">http://raw.github.com/Milhano/repository.tvtuga/master/repo/</datadir>
	</extension> 
  <extension point="xbmc.addon.metadata">
    <summary lang="en">alado</summary>
    <description lang="en">alado</description>
    <platform>all</platform> 
 </extension>
</addon>
