<?xml version="1.0" encoding="UTF-8" standalone="yes"?>
<addon id="plugin.program.AresVikings18" name=" [B][COLOR orange]Ares Vikings Wizard[/COLOR][/B]" version="1.01" provider-name="[B][COLOR red]Pio[/COLOR][/B]">
  <requires>
    <import addon="xbmc.python" version="2.1.0"/>
	</requires>
  <extension point="xbmc.python.pluginsource" library="default.py">
        <provides>executable</provides>
  </extension>
  <extension point="xbmc.service" library="startup.py" start="startup" />
  <extension point="xbmc.addon.metadata">
    <summary lang="en">Ares Vikings Wizard</summary>
    <description lang="en">.</description>
    <platform>all</platform>
  </extension>
</addon>