<?xml version="1.0" encoding="UTF-8"?>
	<addon id="skin.aeonmq8" version="2.8.0" name="Aeon MQ 8" provider-name="MarcosQui">
	<requires>
		<import addon="xbmc.gui" version="5.14.0"/>
	</requires>
	<extension point="xbmc.gui.skin" debugging="false">
		<res width="1920" height="1080" aspect="16:9" default="true" folder="xml" />
	</extension>
	<extension point="xbmc.addon.metadata">
		<summary lang="en_GB">Aeon MQ 8, improved, more light and more powerful than ever.</summary>
		<summary lang="en_US">Aeon MQ 8, improved, more light and more powerful than ever.</summary>
		<summary lang="pt_BR">Aeon MQ 8, melhorada, mais leve e mais poderosa do que nunca.</summary>
		<description lang="en_GB">The traditional Aeon MQ reaches its eighth edition.[CR]Reformulated, very simple to use, with a new code that provides a lightweight and powerful skin.[CR]The Aeon MQ 8 incorporates new features such as FLEXIBLE WIDGETS 2ND GENERATION which takes the main menu's level of customization to something never seen before.[CR]Aeon MQ 8, you've never seen a skin like this.</description>
		<description lang="en_US">The traditional Aeon MQ reaches its eighth edition.[CR]Reformulated, very simple to use, with a new code that provides a lightweight and powerful skin.[CR]The Aeon MQ 8 incorporates new features such as FLEXIBLE WIDGETS 2ND GENERATION which takes the main menu's level of customization to something never seen before.[CR]Aeon MQ 8, you've never seen a skin like this.</description>
		<description lang="pt_BR">A tradicional Aeon MQ chega a sua oitava edição.[CR]Aeon MQ 8 conta com todos os recursos presentes na versão anterior, no entanto, esses recursos foram otimizados afim de proporcionar uma experiência ainda melhor ao usuário.[CR]Aeon MQ 8 incorpora um novo recurso chamado WIDGES FLEXÍVEIS SEGUNDA GERAÇÃO que eleva o nível de customização como você nunca viu antes.[CR]Aeon MQ 8, você nunca viu uma skin assim.</description>
		<disclaimer lang="en_GB">Aeon MQ 8, improved, more light and more powerful than ever.</disclaimer>
		<disclaimer lang="en_US">Aeon MQ 8, improved, more light and more powerful than ever.</disclaimer>
		<disclaimer lang="pt_BR">Aeon MQ 8, melhorada, mais leve e mais poderosa do que nunca.</disclaimer>
	<platform>all</platform>
	<license>CC BY-SA 4.0, GNU GENERAL PUBLIC LICENSE Version 2.0</license>
	<forum>https://forum.kodi.tv/</forum>
	<source>https://drive.google.com/drive/folders/0BxZQqz5XxlaDZXVEcHhVTHdtSk0?usp=sharing</source>
	<assets>
		<icon>resources/icon.png</icon>
		<fanart>resources/fanart.jpg</fanart>
		<screenshot>resources/screenshot-01.jpg</screenshot>
		<screenshot>resources/screenshot-02.jpg</screenshot>
		<screenshot>resources/screenshot-03.jpg</screenshot>
		<screenshot>resources/screenshot-04.jpg</screenshot>
		<screenshot>resources/screenshot-05.jpg</screenshot>
		</assets>
	</extension>
</addon>