﻿<?xml version="1.0" encoding="UTF-8" standalone="yes"?>
<addon id="plugin.video.metallicatv" name="Metallica TV" version="2.0" provider-name="Demagorgon">
  <requires>
    <import addon="xbmc.python" version="2.1.0"/>
    <import addon="script.module.addon.common" version="2.0.0"/>
    <import addon="plugin.video.youtube" />
  </requires>
	
  <extension point="xbmc.python.pluginsource" library="default.py">
    <provides>video</provides>
  </extension>
	
  <extension point="xbmc.addon.metadata">
    <summary lang="en">We give you Metallica TV!</summary>
    <description lang="en">MetallicaTV is dedicated to your favorite band, with all the official videos from Metallica, plus full album streaming.</description>
    <platform>all</platform>
    <forum></forum>
    <website></website>
  </extension>
</addon>
