<?xml version="1.0" encoding="UTF-8"?>
<addon id="skin.milhanoConfluence" version="1.0" name="Milhano Confluence 18:made by(Milhano)" provider-name="Team Milhano">
	<requires>
		<import addon="xbmc.gui" version="5.14.0"/>
	</requires>
	<extension point="xbmc.gui.skin" debugging="false" effectslowdown="1.0">
		<res width="1280" height="720" aspect="16:9" default="true" folder="720p" />
	</extension>
	<extension point="xbmc.addon.metadata">
		<description lang="en_GB">
			The Milhano Confulence Skin Modified from the original Confulence skin. To add 25 Video addons Shourtcuts
			The latest SKIN is now a fix for KODI 18 
			</description>
		<platform>all</platform>
		<license>GNU General Public License version 2</license>
		<website>http://.milhano.com.pt</website>
		<email>j2mf4@hotmail.com</email>
		<source>Team Milhano</source>
		<assets>
			<icon>resources/icon.png</icon>
			<fanart>resources/fanart.jpg</fanart>
			</assets>
		<news>Redesigned layout for updated Global Search addon</news>
	</extension>
</addon>
