<?xml version="1.0" encoding="UTF-8" standalone="yes"?>
<addon id="repository.umbrellacorp" name="Umbrella Corporation Repository" version="1.3" provider-name="Ja50n">
    <requires>
        <import addon="xbmc.addon" version="12.0.0"/>
    </requires>
    <extension point="xbmc.addon.repository" name="Umbrella Corporation Repository">
        <info compressed="false">https://racooncity.gq/umbrellacorp/_zips/addons.xml</info>
        <checksum>https://racooncity.gq/umbrellacorp/_zips/addons.xml.md5</checksum>
        <datadir zip="true">https://racooncity.gq/umbrellacorp/_zips/</datadir>
        <hashes>false</hashes>
        <dir>
            <info compressed="false">https://raw.githubusercontent.com/jenaddon/repository.jenrepo/master/zips/addons.xml</info>
            <checksum>https://raw.githubusercontent.com/jenaddon/repository.jenrepo/master/zips/addons.xml.md5</checksum>
            <datadir zip="true">https://raw.githubusercontent.com/jenaddon/repository.jenrepo/master/zips/</datadir>
            <hashes>false</hashes>
        </dir>
		<dir>
            <info compressed="false">https://raw.githubusercontent.com/teamuniversal/scrapers/master/_modules4all/zips/addons.xml</info>
            <checksum>https://raw.githubusercontent.com/teamuniversal/scrapers/master/_modules4all/zips/addons.xml.md5</checksum>
           <datadir zip="true">https://raw.githubusercontent.com/teamuniversal/scrapers/master/_modules4all/zips/</datadir>
     </dir>
    </extension>
    <extension point="xbmc.addon.metadata">
        <summary>Umbrella Corporation Repository</summary>
        <description>Umbrella Corporation Kodi Repository</description>
        <platform>all</platform>
        <genre>movies,usa</genre>
    </extension>
</addon>