<?xml version="1.0" encoding="UTF-8"?>
<addon id="skin.aeon.nox.milhano" version="0.0.100" name="Aeon Nox: Milhano" provider-name="Milhano Milhano: Leia">
	<requires>
		<import addon="script.skinshortcuts" version="1.0.10" />
		<import addon="service.library.data.provider" version="0.0.7" />
		<import addon="script.grab.fanart" version="0.12.8" />
		<import addon="resource.images.studios.white" version="0.0.1" />
		<import addon="resource.images.recordlabels.white" version="0.0.1" />
	</requires>
	<extension point="xbmc.gui.skin" debugging="false">
		<res width="1920" height="1080" aspect="16:9" default="true" folder="16x9" />
	</extension>
	<extension point="xbmc.addon.metadata">
		<summary lang="pt_BR">Created by BigNoid, Modded by Milhano, and Widgets by Mr. V</summary>
		<summary lang="pt_PT">Criado por BigNoid, Modded por Milhano, e Widgets por Mr. V</summary>
		<description lang="pt_BR">Design completamente novo para criar um look moderno, mantendo o feeling do Aeon Clássico.</description>
		<description lang="pt_PT">Completamente redesenhado para criar um visual moderno enquanto retém o toque clássico Aeon.</description>
		<platform>all</platform>
		<license>CC BY-NC-SA 4.0</license>
		<forum>http://forum.kodi.tv/showthread.php?tid=210069</forum>
		<website>https://github.com/mikeMilhano164/Aeon-Nox-Milhano</website>
		<source>https://github.com/mikeMilhano164/Aeon-Nox-Milhano</source>
		<assets>
			<icon>resources/icon.png</icon>
			<fanart>resources/fanart.jpg</fanart>
			<screenshot>resources/screenshots/screenshot-01.jpg</screenshot>
			<screenshot>resources/screenshots/screenshot-02.jpg</screenshot>
			<screenshot>resources/screenshots/screenshot-03.jpg</screenshot>
			<screenshot>resources/screenshots/screenshot-04.jpg</screenshot>
			<screenshot>resources/screenshots/screenshot-05.jpg</screenshot>
			<screenshot>resources/screenshots/screenshot-06.jpg</screenshot>
			<screenshot>resources/screenshots/screenshot-07.jpg</screenshot>
			<screenshot>resources/screenshots/screenshot-08.jpg</screenshot>
			<screenshot>resources/screenshots/screenshot-09.jpg</screenshot>
			<screenshot>resources/screenshots/screenshot-10.jpg</screenshot>
			<screenshot>resources/screenshots/screenshot-11.jpg</screenshot>
			<screenshot>resources/screenshots/screenshot-12.jpg</screenshot>
		</assets>
		<news>[I][COLOR FFFF9800]v6.1.8[/COLOR][/I][CR]- Some design changes throughout the skin[CR]- Add support for Rotten Tomatoes and Metacritic ratings from Universal Movie Scraper[CR]- Add option to move Main Menu system bar to top[CR]- Update view scollbars[CR]- Fix remaining time issues[CR]- Add option to show clearart in Video Info screen for TV Shows[CR]- DialogMusicInfo fixes[CR]- Update radio button images from Estuary[CR]- Fix auto fullscreen music for partymode[CR]- Add separate Fixed\Wrap settings for each supported viewtype and remove global horizontal navigation style from Skin settings[CR]- Fix unnecessary "Minutes" added to end of movie set genres in MyFlix[CR][CR][B]All updates may contain various changes and/or improvements[/B][CR]For a more complete list visit:[CR][I][COLOR FFFF9800]https://github.com/mikeMilhano164/Aeon-Nox-Milhano/commits/master[/COLOR][/I][CR][CR][I][COLOR FFFF9800]v6.1.7[/COLOR][/I][CR]- GUI bump 5.14.0[CR]- Add settings to Skin Helper Service in Skin settings > Help > Supported add-ons[CR]- Fix Season posters in DialogVideoInfo[CR]- Add Landscape and Wall views for sets[CR]- *Change low menu position to skin default*[CR]- Misc PVR updates and changes[CR]- Add Fullscreen info for add-ons and recordings[CR]- Fix square posters for list Widgets[CR]- Auto hide unwatched episode thumbs when disabled in System > Media > Videos > Show information for unwatched items</news>
	</extension>
</addon>
