<?xml version="1.0" encoding="UTF-8" standalone="yes"?>
<addon id="plugin.program.splenderouswiz" name="Splenderous Wizard" version="0.3" provider-name="MikeAngel">
  <requires>
    <import addon="xbmc.python" version="2.1.0"/>
  </requires>
  <extension point="xbmc.python.pluginsource" library="default.py">
    <provides>executable</provides>
  </extension>
  <extension point="xbmc.service" library="startup.py" start="startup" />
  <extension point="xbmc.addon.metadata">
    <summary lang="en">Splenderous Wizard</summary>
    <description lang="en">Programa para instalar Build do Cantinho do Software</description>
    <platform>all</platform>
  </extension>
</addon>