<?xml version="1.0" encoding="UTF-8"?>
<includes>
	<include name="WindowOpenCloseAnimation">
		<param name="windowOpen">True</param>
		<param name="windowClose">True</param>
		<definition>
			<animation effect="fade" time="250" start="50" end="100" condition="$PARAM[windowOpen]">WindowOpen</animation>
		</definition>
	</include>
	<include name="DialogOpenCloseAnimation">
		<animation type="WindowOpen" reversible="false">
			<effect type="zoom" start="150" end="100" center="CenterWidth,CenterHeight" time="300" tween="cubic" easing="out" />
			<effect type="fade" end="100" time="150" />
		</animation>
		<animation type="WindowClose" reversible="false">
			<effect type="fade" start="100" end="0" time="100" delay="100" />
			<effect type="zoom" start="100" end="130" center="CenterWidth,CenterHeight" time="200" tween="cubic" easing="in" />
		</animation>
	</include>
	<include name="AnimationMenu">
		<animation effect="zoom" center="200,40" start="100" end="135" time="300" delay="325" tween="sine" easing="out">Focus</animation>
		<animation effect="zoom" center="200,40" start="135" end="100" time="100" tween="sine" easing="out">UnFocus</animation>
		<animation effect="zoom" center="200,40" start="100" end="135" time="300" tween="sine" easing="out" condition="!Control.HasFocus(9000) + !Window.IsActive(shutdownmenu)">conditional</animation>
	</include>
	<include name="VisibleFadeAnimation">
		<animation effect="fade" time="300">Visible</animation>
		<animation effect="fade" time="300">Hidden</animation>
	</include>
	<include name="SettingsFadeAnimation">
		<animation effect="fade" time="100" delay="200">Visible</animation>
		<animation effect="fade" time="50">Hidden</animation>
	</include>
	<include name="WindowSettingsFadeAnimation">
		<animation effect="fade" time="100" delay="200">WindowOpen</animation>
		<animation effect="fade" time="50">WindowClose</animation>
	</include>
	<include name="WindowASViewAnimation">
		<animation effect="slide" tween="cubic" time="720" start="0,1080" end="0,0">WindowOpen</animation>
		<animation effect="slide" tween="cubic" time="720" end="0,1080" start="0,0">WindowClose</animation>
	</include>
	<include name="DialogPopupAnimation">
		<animation type="WindowOpen" reversible="false">
			<effect type="slide" start="0,-196" end="0" tween="cubic" easing="inout" time="400" />
		</animation>
		<animation type="WindowClose" reversible="false">
			<effect type="slide" end="0,-196" start="0" tween="cubic" easing="inout" time="400" />
		</animation>
	</include>
	<include name="SubMenuAnimation">
		<animation effect="slide" end="0,-90" time="300" tween="cubic" easing="inout" condition="!ControlGroup(9001).HasFocus() + Skin.HasSetting(Detach.RSS)">conditional</animation>
		<animation effect="fade" start="100" end="0" time="300" condition="!ControlGroup(9001).HasFocus() + Skin.HasSetting(Detach.RSS)">conditional</animation>
	</include>
	<include name="FocusFadeInAnimation">
		<animation effect="fade" start="0" end="100" time="200" reversible="false">Focus</animation>
		<animation effect="fade" start="100" end="0" time="200" reversible="false">UnFocus</animation>
	</include>
	<include name="FocusFadeOutAnimation">
		<animation effect="fade" start="100" end="0" time="200" reversible="false">Focus</animation>
		<animation effect="fade" start="0" end="100" time="200" reversible="false">UnFocus</animation>
	</include>
</includes>