<?xml version="1.0" encoding="UTF-8"?>
<includes>
	<include name="HomeRecentlyAddedInfoAlt">
		<control type="group" id="9004">
		<visible>[!Control.HasFocus(9000) + !Control.HasFocus(9004) + !Control.HasFocus(9003) + !Control.HasFocus(9010)] | Skin.HasSetting(showWidget)</visible>
			<visible>String.IsEqual(Container(9000).ListItem.Property(Widget),13)</visible>
			<animation effect="slide" tween="cubic" time="720" start="0,-800" end="0,0">WindowOpen</animation>
			<animation effect="slide" tween="cubic" time="720" end="0,-800" start="0,0">WindowClose</animation>
			<include>VisibleFadeAnimation</include>
			<depth>MaxDepth</depth>
			<animation effect="slide" end="0,338" time="320" tween="cubic" easing="inout" condition="true">Conditional</animation>
			<include content="HomeWidgetItem">
				<param name="visible" value="String.IsEmpty(Window(Home).Property(HomeWidget))" />
				<param name="animationStart" value="180" />
				<param name="listId" value="8005" />
				<param name="onUp1" value="8001" />
				<param name="onUp2" value="SetProperty(HomeWidget,1,Home)" />
				<param name="onDown1" value="9000" />
				<param name="onDown2" value="ClearProperty(HomeWidget,Home)" />
				<param name="contentTarget" value="videos" />
				<param name="contentPath" value="special://skin/extras/playlists/recentmovies.xsp" />
			</include>
			<include content="HomeWidgetItem">
				<param name="visible" value="String.IsEqual(Window(Home).Property(HomeWidget),1)" />
				<param name="animationStart" value="-180" />
				<param name="listId" value="8001" />
				<param name="onUp1" value="8002" />
				<param name="onUp2" value="SetProperty(HomeWidget,2,Home)" />
				<param name="onDown1" value="8005" />
				<param name="onDown2" value="ClearProperty(HomeWidget,Home)" />
				<param name="contentTarget" value="" />
				<param name="contentPath" value="special://skin/extras/playlists/recommendedmovies.xsp" />
			</include>
			<include content="HomeWidgetItem">
				<param name="visible" value="String.IsEqual(Window(Home).Property(HomeWidget),2)" />
				<param name="animationStart" value="180" />
				<param name="listId" value="8002" />
				<param name="onUp1" value="8003" />
				<param name="onUp2" value="SetProperty(HomeWidget,3,Home)" />
				<param name="onDown1" value="8001" />
				<param name="onDown2" value="SetProperty(HomeWidget,1,Home)" />
				<param name="contentTarget" value="" />
				<param name="contentPath" value="plugin://service.library.data.provider?type=randommovies&amp;reload=$INFO[Window.Property(randommovies)]" />
			</include>
			<include content="HomeWidgetItem" condition="System.HasAddon(script.extendedinfo)">
				<param name="visible" value="String.IsEqual(Window(Home).Property(HomeWidget),3)" />
				<param name="animationStart" value="-180" />
				<param name="listId" value="8003" />
				<param name="onUp1" value="8004" />
				<param name="onUp2" value="SetProperty(HomeWidget,4,Home)" />
				<param name="onDown1" value="8002" />
				<param name="onDown2" value="SetProperty(HomeWidget,2,Home)" />
				<param name="contentTarget" value="" />
				<param name="contentPath" value="plugin://script.extendedinfo?info=popularmovies" />
			</include>
			<include content="HomeWidgetItem" condition="System.HasAddon(script.extendedinfo)">
				<param name="visible" value="String.IsEqual(Window(Home).Property(HomeWidget),4)" />
				<param name="animationStart" value="180" />
				<param name="listId" value="8004" />
				<param name="onUp1" value="8006" />
				<param name="onUp2" value="SetProperty(HomeWidget,5,Home)" />
				<param name="onDown1" value="8003" />
				<param name="onDown2" value="SetProperty(HomeWidget,3,Home)" />
				<param name="contentTarget" value="" />
				<param name="contentPath" value="plugin://script.extendedinfo?info=topratedmovies" />
			</include>
			<include content="HomeWidgetItem" condition="System.HasAddon(script.extendedinfo)">
				<param name="visible" value="String.IsEqual(Window(Home).Property(HomeWidget),5)" />
				<param name="animationStart" value="-180" />
				<param name="listId" value="8006" />
				<param name="onUp1" value="8007" />
				<param name="onUp2" value="SetProperty(HomeWidget,6,Home)" />
				<param name="onDown1" value="8004" />
				<param name="onDown2" value="SetProperty(HomeWidget,4,Home)" />
				<param name="contentTarget" value="" />
				<param name="contentPath" value="plugin://script.extendedinfo?info=incinemamovies" />
			</include>
			<include content="HomeWidgetItem" condition="System.HasAddon(script.extendedinfo)">
				<param name="visible" value="String.IsEqual(Window(Home).Property(HomeWidget),6)" />
				<param name="animationStart" value="180" />
				<param name="listId" value="8007" />
				<param name="onUp1" value="8008" />
				<param name="onUp2" value="SetProperty(HomeWidget,7,Home)" />
				<param name="onDown1" value="8006" />
				<param name="onDown2" value="SetProperty(HomeWidget,5,Home)" />
				<param name="contentTarget" value="" />
				<param name="contentPath" value="plugin://script.extendedinfo?info=upcomingmovies" />
			</include>
			<include content="HomeWidgetItem" condition="System.HasAddon(script.extendedinfo)">
				<param name="visible" value="String.IsEqual(Window(Home).Property(HomeWidget),7)" />
				<param name="animationStart" value="-180" />
				<param name="listId" value="8008" />
				<param name="onUp1" value="noop" />
				<param name="onUp2" value="noop" />
				<param name="onDown1" value="8007" />
				<param name="onDown2" value="SetProperty(HomeWidget,6,Home)" />
				<param name="contentTarget" value="videos" />
				<param name="contentPath" value="special://skin/extras/Top250.xsp" />
			</include>
		</control>
	</include>
	<include name="HomeWidgetItem">
		<control type="group">
			<visible allowhiddenfocus="true">$PARAM[visible]</visible>
			<visible>[!Control.HasFocus(9000) + !Control.HasFocus(9004) + !Control.HasFocus(9003) + !Control.HasFocus(9010)] | Skin.HasSetting(showWidget)</visible>
			<animation type="Visible">
				<effect type="rotatex" end="0" start="$PARAM[animationStart]" center="250,0" time="400" tween="sine" easing="inout" />
				<effect type="fade" end="100" start="0" time="10" delay="200" />
			</animation>
			<animation type="Hidden">
				<effect type="rotatex" start="0" end="$PARAM[animationStart]" center="250,0" time="400" tween="sine" easing="inout" />
				<effect type="fade" start="100" end="0" time="10" delay="200" />
			</animation>
			<control type="image">
				<description>background image</description>
				<left>MultiWidgetBackPanelLeft</left>
				<right>MultiWidgetBackPanelRight</right>
				<top>43</top>
				<height>402</height>
				<texture border="40">dialogs/default/bg.png</texture>
			</control>
			<control type="panel" id="$PARAM[listId]">
				<left>MultiWidgetLeft</left>
				<top>57</top>
				<right>MultiWidgetRight</right>
				<height>370</height>
				<onup>$PARAM[onUp2]</onup>
				<onup>$PARAM[onUp1]</onup>
				<ondown>$PARAM[onDown2]</ondown>
				<ondown>$PARAM[onDown1]</ondown>
				<onleft>$PARAM[listId]</onleft>
				<onright>$PARAM[listId]</onright>
				<onback>9000</onback>
				<viewtype label="535">list</viewtype>
				<pagecontrol />
				<orientation>horizontal</orientation>
				<scrolltime tween="quadratic" easing="out">300</scrolltime>
				<itemlayout width="244" height="370">
					<control type="image">
						<top>10</top>
						<left>10</left>
						<width>234</width>
						<height>354</height>
						<aspectratio scalediffuse="false">scale</aspectratio>
						<texture background="true" fallback="DefaultMovies.png">$VAR[PosterThumbVar]</texture>
						<bordertexture border="1">thumbs/panel_border3.png</bordertexture>
						<bordersize>1</bordersize>
					</control>
					<control type="image">
						<top>6</top>
						<left>6</left>
						<width>244</width>
						<height>364</height>
						<texture border="1" colordiffuse="66FFFFFF">black.png</texture>
						<bordersize>2</bordersize>
					</control>
				</itemlayout>
				<focusedlayout width="244" height="370">
						<control type="image">
						<left>-5</left>
						<top>-5</top>
						<width>264</width>
						<height>385</height>
						<colordiffuse>bbffffff</colordiffuse>
						<texture>tajo/backani.gif</texture>
						<bordersize>8</bordersize>
						<animation effect="fade" start="100" end="0" time="200" reversible="false">UnFocus</animation>
						<animation effect="fade" start="0" end="100" time="200" reversible="false">Focus</animation>
						<visible>Control.HasFocus($PARAM[listId])</visible>
					</control>
					<control type="image">
						<top>10</top>
						<left>10</left>
						<width>234</width>
						<height>354</height>
						<aspectratio scalediffuse="false">scale</aspectratio>
						<texture background="true" fallback="DefaultMovies.png">$VAR[PosterThumbVar]</texture>
						<bordertexture border="1">thumbs/panel_border3.png</bordertexture>
						<bordersize>1</bordersize>
					</control>
					<control type="image">
						<top>6</top>
						<left>6</left>
						<width>244</width>
						<height>364</height>
						<texture border="1" colordiffuse="66FFFFFF">black.png</texture>
						<animation effect="fade" start="100" end="0" time="200" reversible="false">Focus</animation>
						<animation effect="fade" start="0" end="100" time="200" reversible="false">UnFocus</animation>
						<bordersize>2</bordersize>
					</control>
				</focusedlayout>
				<content target="$PARAM[contentTarget]">$PARAM[contentPath]</content>
			</control>
			<control type="group">
				<visible>Container($PARAM[listId]).IsUpdating + Control.IsVisible($PARAM[listId])</visible>
				<centerleft>50%</centerleft>
				<width>96</width>
				<top>196</top>
				<control type="image">
					<description>Busy animation</description>
					<width>96</width>
					<height>96</height>
					<texture>android/spinner_48_inner_holo.png</texture>
					<aspectratio>keep</aspectratio>
					<animation effect="rotate" start="0" end="360" center="auto" time="2000" loop="true" condition="true">conditional</animation>
				</control>
				<control type="image">
					<description>Busy animation</description>
					<width>96</width>
					<height>96</height>
					<texture>android/spinner_48_outer_holo.png</texture>
					<aspectratio>keep</aspectratio>
					<animation effect="rotate" start="360" end="0" center="auto" time="2000" loop="true" condition="true">conditional</animation>
				</control>
			</control>
		</control>
	</include>
	<include name="HomeRecentlyAddedInfo">
		<control type="group" id="9003">
			<animation effect="slide" tween="cubic" time="720" start="0,-1080" end="0,0">WindowOpen</animation>
			<animation effect="slide" tween="cubic" time="720" end="0,-1080" start="0,0">WindowClose</animation>
			<animation effect="slide" end="0,338" time="320" tween="cubic" easing="inout" condition="true">Conditional</animation>
			<visible>[String.IsEqual(Container(9000).ListItem.Property(WidgetType),13) | String.IsEqual(Container(9000).ListItem.Property(WidgetType),1) | String.IsEqual(Container(9000).ListItem.Property(WidgetType),2) | String.IsEqual(Container(9000).ListItem.Property(WidgetType),4) | String.IsEqual(Container(9000).ListItem.Property(WidgetType),5)]</visible>
			<visible>[!Control.HasFocus(9000) + !Control.HasFocus(9004) + !Control.HasFocus(9003) + !Control.HasFocus(9010)] | Skin.HasSetting(showWidget)</visible>
			<include>VisibleFadeAnimation</include>
			<control type="group">
				<visible>ControlGroup(9003).HasFocus()</visible>
				<include>VisibleFadeAnimation</include>
				<control type="image">
					<width>100%</width>
					<height>615</height>
					<texture border="1">nowplaying_shadow.png</texture>
				</control>
				<control type="image">
					<width>100%</width>
					<height>615</height>
					<texture border="1">nowplaying_shadow.png</texture>
					<colordiffuse>44FFFFFF</colordiffuse>
				</control>
			</control>
			<control type="group">
				<visible>Control.HasFocus(8000)</visible>
				<include>VisibleFadeAnimation</include>
				<control type="image">
					<top>13</top>
					<width>432</width>
					<height>432</height>
					<aspectratio align="right">keep</aspectratio>
					<texture background="true">$VAR[WidgetPosterVar]</texture>
					<fadetime>IconCrossfadeTime</fadetime>
					<bordertexture border="20">thumbs/thumb_shadow.png</bordertexture>
					<bordersize>20</bordersize>
				</control>
				<control type="grouplist">
					<left>432</left>
					<top>13</top>
					<width>1300</width>
					<height>432</height>
					<itemgap>12</itemgap>
					<align>center</align>
					<visible>!String.StartsWith(Container(9000).ListItem.Property(Widget),addons://sources/)</visible>
					<control type="label">
						<width>900</width>
						<height>40</height>
						<font>font16_title_bold</font>
						<textcolor>labelheader</textcolor>
						<shadowcolor>black</shadowcolor>
						<label>$INFO[Container(8000).ListItem.Title]</label>
						<wrapmultiline>true</wrapmultiline>
					</control>
					<control type="label">
						<width>900</width>
						<height>20</height>
						<font>font14</font>
						<textcolor>white2</textcolor>
						<shadowcolor>black</shadowcolor>
						<label>$INFO[Container(8000).ListItem.Tagline]</label>
						<visible>!String.IsEmpty(Container(8000).ListItem.Tagline)</visible>
					</control>
					<control type="label">
						<width>900</width>
						<height>20</height>
						<font>font14</font>
						<textcolor>white2</textcolor>
						<shadowcolor>black</shadowcolor>
						<label>$INFO[Container(8000).ListItem.TvShowTitle]</label>
						<visible>!String.IsEmpty(Container(8000).ListItem.TvShowTitle)</visible>
					</control>
					<control type="label">
						<height>2</height>
						<label />
					</control>
					<control type="label">
						<width>900</width>
						<height>35</height>
						<font>font14</font>
						<textcolor>white2</textcolor>
						<shadowcolor>black</shadowcolor>
						<label>$INFO[Container(8000).ListItem.Genre]</label>
						<visible>!String.IsEmpty(Container(8000).ListItem.Genre)</visible>
					</control>
					<control type="label">
						<width>900</width>
						<height>35</height>
						<font>font14_title</font>
						<textcolor>white2</textcolor>
						<shadowcolor>black</shadowcolor>
						<label>$INFO[Container(8000).ListItem.Property(episodeno)]</label>
						<visible>!String.IsEmpty(Container(8000).ListItem.Property(episodeno))</visible>
					</control>
					<control type="label">
						<width>900</width>
						<height>35</height>
						<font>font14</font>
						<textcolor>white2</textcolor>
						<shadowcolor>black</shadowcolor>
						<label>$INFO[Container(8000).ListItem.Year]$INFO[Container(8000).ListItem.Rating,  |  ]$INFO[Container(8000).ListItem.Duration,  |  , $LOCALIZE[12391]]</label>
						<visible>String.IsEmpty(Container(8000).ListItem.Artist) + String.IsEmpty(Container(8000).ListItem.TvShowTitle)</visible>
					</control>
					<control type="label">
						<width>900</width>
						<height>35</height>
						<font>font14</font>
						<textcolor>white2</textcolor>
						<shadowcolor>black</shadowcolor>
						<label>$INFO[Container(8000).ListItem.Premiered,,  |  ]$INFO[Container(8000).ListItem.Rating]$INFO[Container(8000).ListItem.Duration,  |  , $LOCALIZE[12391]]</label>
						<visible>!String.IsEmpty(Container(8000).ListItem.TvShowTitle)</visible>
					</control>
					<control type="label">
						<width>900</width>
						<height>35</height>
						<font>font14</font>
						<textcolor>white2</textcolor>
						<shadowcolor>black</shadowcolor>
						<label>$INFO[Container(8000).ListItem.Director,$LOCALIZE[31000] ]</label>
						<visible>!String.IsEmpty(Container(8000).ListItem.Director)</visible>
					</control>
					<control type="label">
						<width>900</width>
						<height>35</height>
						<font>font14</font>
						<textcolor>white2</textcolor>
						<shadowcolor>black</shadowcolor>
						<label>$INFO[Container(8000).ListItem.Artist]</label>
						<visible>!String.IsEmpty(Container(8000).ListItem.Artist)</visible>
					</control>
					<control type="label">
						<width>900</width>
						<height>35</height>
						<font>font14</font>
						<textcolor>white2</textcolor>
						<shadowcolor>black</shadowcolor>
						<label>$INFO[Container(8000).ListItem.Year]</label>
						<visible>!String.IsEmpty(Container(8000).ListItem.Artist)</visible>
					</control>
					<control type="label">
						<width>900</width>
						<height>35</height>
						<font>font14</font>
						<textcolor>white2</textcolor>
						<shadowcolor>black</shadowcolor>
						<label>$INFO[Container(8000).ListItem.Album]$INFO[Container(8000).ListItem.Year, [,]]</label>
						<visible>!String.IsEmpty(Container(8000).ListItem.Album)</visible>
					</control>
					<control type="label">
						<height>2</height>
						<label />
					</control>
					<control type="textbox">
						<description>Plot</description>
						<width>900</width>
						<height>150</height>
						<font>font14_textbox</font>
						<label>$INFO[Container(8000).ListItem.Plot]$INFO[Container(8000).ListItem.Property(Album_Description)]</label>
						<textcolor>white2</textcolor>
						<shadowcolor>black</shadowcolor>
						<autoscroll time="3000" delay="4000" repeat="5000">true</autoscroll>
					</control>
				</control>
				<control type="grouplist">
					<left>432</left>
					<top>13</top>
					<width>1300</width>
					<height>432</height>
					<itemgap>12</itemgap>
					<align>center</align>
					<visible>String.StartsWith(Container(9000).ListItem.Property(Widget),addons://sources/)</visible>
					<control type="label">
						<width>900</width>
						<height>40</height>
						<font>font14_title</font>
						<textcolor>white</textcolor>
						<shadowcolor>black</shadowcolor>
						<label>$INFO[Container(8000).ListItem.AddonName]</label>
						<wrapmultiline>true</wrapmultiline>
					</control>
					<control type="label">
						<width>900</width>
						<height>20</height>
						<font>font14</font>
						<textcolor>white2</textcolor>
						<shadowcolor>black</shadowcolor>
						<label>$INFO[Container(8000).ListItem.AddonVersion]</label>
					</control>
					<control type="label">
						<height>2</height>
						<label />
					</control>
					<control type="label">
						<width>900</width>
						<height>35</height>
						<font>font14</font>
						<textcolor>white2</textcolor>
						<shadowcolor>black</shadowcolor>
						<label>$INFO[Container(8000).ListItem.AddonCreator,[COLOR labelheader]$LOCALIZE[21863]:[/COLOR] ]</label>
					</control>
					<control type="label">
						<height>2</height>
						<label />
					</control>
					<control type="textbox">
						<description>Plot</description>
						<width>900</width>
						<height>250</height>
						<font>font14_textbox</font>
						<label>$INFO[Container(8000).ListItem.AddonDescription]</label>
						<textcolor>white2</textcolor>
						<shadowcolor>black</shadowcolor>
						<autoscroll time="3000" delay="4000" repeat="5000">true</autoscroll>
					</control>
				</control>
			</control>
			<control type="group">
				<right>78</right>
				<width>422</width>
				<top>20</top>
				<height>422</height>
				<control type="group">
					<animation type="Conditional" condition="Control.HasFocus(8000)">
						<effect type="rotatey" start="0" end="180" center="221,0" time="400" tween="sine" easing="inout" />
						<effect type="fade" start="100" end="0" time="10" delay="200" />
					</animation>
					<control type="image">
						<width>422</width>
						<height>422</height>
						<texture border="40">dialogs/default/bg2.png</texture>
					</control>
					<control type="label">
						<left>27</left>
						<top>32</top>
						<width>372</width>
						<height>40</height>
						<font>font13b</font>
						<align>center</align>
						<textcolor>themecolor</textcolor>
						<label>$INFO[Container(9000).ListItem.Property(WidgetLabel)]</label>
						<visible>!Container(8000).IsUpdating</visible>
					</control>
					<control type="image">
						<left>32</left>
						<top>86</top>
						<width>362</width>
						<height>226</height>
						<fadetime>IconCrossfadeTime</fadetime>
						<aspectratio align="center" aligny="top">keep</aspectratio>
						<texture>$VAR[WidgetListIconVar]</texture>
						<bordersize>1</bordersize>
						<visible>!Container(8000).IsUpdating</visible>
					</control>
					<control type="label">
						<description>Plot</description>
						<left>47</left>
						<top>310</top>
						<width>332</width>
						<height>80</height>
						<font>font13b</font>
						<align>center</align>
						<wrapmultiline>true</wrapmultiline>
						<label>$INFO[Container(8000).ListItem.Property(episodeno),,: ]$INFO[Container(8000).ListItem.Label]</label>
						<textcolor>grey2</textcolor>
						<visible>!Container(8000).IsUpdating</visible>
					</control>
				</control>
				<control type="group">
					<animation effect="fade" start="100" end="0" time="300" tween="sine" easing="inout" condition="!Control.HasFocus(8000)">Conditional</animation>
					<animation type="Conditional" condition="Control.HasFocus(8000)">
						<effect type="rotatey" start="-180" end="0" center="221,0" time="400" tween="sine" easing="inout" />
						<effect type="fade" start="0" end="100" time="10" delay="200" />
					</animation>
					<control type="image">
						<width>422</width>
						<height>422</height>
						<texture border="40">dialogs/default/bg2.png</texture>
					</control>
					<control type="list" id="8000">
						<left>31</left>
						<top>31</top>
						<width>360</width>
						<height>360</height>
						<onup>8000</onup>
						<ondown>8000</ondown>
						<onleft>9000</onleft>
						<onright>9000</onright>
						<onback>9000</onback>
						<viewtype label="535">list</viewtype>
						<pagecontrol />
						<orientation>vertical</orientation>
						<onclick condition="String.IsEqual(Container(9000).ListItem.Property(WidgetType),13)">$INFO[ListItem.FileNameAndPath]</onclick>
						<scrolltime tween="quadratic" easing="out">200</scrolltime>
						<visible>!String.IsEmpty(Container(9000).ListItem.Property(Widget))</visible>
						<autoscroll time="10000" delay="10000" repeat="10000">Control.IsVisible(9003) + !Control.HasFocus(8000)</autoscroll>
						<itemlayout height="60" width="360">
							<control type="label">
								<width>360</width>
								<height>60</height>
								<font>font14</font>
								<textcolor>grey2</textcolor>
								<selectedcolor>selected</selectedcolor>
								<textoffsetx>15</textoffsetx>
								<label>$INFO[ListItem.Label]</label>
							</control>
						</itemlayout>
						<focusedlayout height="60" width="360">
							<control type="image">
								<width>360</width>
								<height>60</height>
								<texture border="5">listselect_fo.png</texture>
							</control>
							<control type="label">
								<width>360</width>
								<height>60</height>
								<font>font14</font>
								<selectedcolor>selected</selectedcolor>
								<textoffsetx>15</textoffsetx>
								<label>$INFO[ListItem.Label]</label>
							</control>
						</focusedlayout>
						<content target="$VAR[WidgetListTargetVar]">$VAR[WidgetListContent]</content>
					</control>
				</control>
				<control type="group">
					<visible>Container(8000).IsUpdating</visible>
					<centerleft>50%</centerleft>
					<centertop>50%</centertop>
					<width>96</width>
					<height>96</height>
					<control type="image">
						<description>Busy animation</description>
						<width>96</width>
						<height>96</height>
						<texture>android/spinner_48_inner_holo.png</texture>
						<aspectratio>keep</aspectratio>
						<animation effect="rotate" start="0" end="360" center="auto" time="2000" loop="true" condition="true">conditional</animation>
					</control>
					<control type="image">
						<description>Busy animation</description>
						<width>96</width>
						<height>96</height>
						<texture>android/spinner_48_outer_holo.png</texture>
						<aspectratio>keep</aspectratio>
						<animation effect="rotate" start="360" end="0" center="auto" time="2000" loop="true" condition="true">conditional</animation>
					</control>
				</control>
			</control>
		</control>
	</include>
	<include name="NowPlayingVideoWidget">
		<!-- Video Info -->
		<control type="group">
			<top>622</top>
			<visible>Player.HasVideo</visible>
			<visible>VideoPlayer.Content(movies) | VideoPlayer.Content(episodes) | VideoPlayer.Content(musicvideos) | VideoPlayer.Content(livetv)</visible>
			<include>VisibleFadeAnimation</include>
			<animation effect="slide" tween="cubic" time="720" start="0,-1080" end="0,0" condition="true">WindowOpen</animation>
			<animation effect="slide" tween="cubic" time="720" end="0,-1080" start="0,0" condition="Skin.HasSetting(lowermainmenu)">WindowClose</animation>
			<animation effect="slide" end="0,-640" time="320" tween="cubic" easing="inout" condition="true">Conditional</animation>
			<control type="group">
				<control type="image">
					<description>bg image</description>
					<top>-50</top>
					<width>1920</width>
					<height>800</height>
					<texture flipy="true">gradient_floor.png</texture>
				</control>
				<control type="image">
					<description>Cover image</description>
					<left>20</left>
					<top>45</top>
					<width>360</width>
					<height>360</height>
					<aspectratio align="right">keep</aspectratio>
					<texture fallback="DefaultVideoCover.png">$VAR[HomeNowPlayingThumbVar]</texture>
					<bordersize>20</bordersize>
				</control>
				<control type="grouplist">
					<left>390</left>
					<top>86</top>
					<width>1510</width>
					<height>460</height>
					<itemgap>12</itemgap>
					<control type="label">
						<left>50</left>
						<width>1300</width>
						<height>40</height>
						<font>font48_title</font>
						<textcolor>themecolor</textcolor>
						<shadowcolor>black</shadowcolor>
						<label>$INFO[VideoPlayer.ChannelName]</label>
						<visible>VideoPlayer.Content(livetv)</visible>
					</control>
					<control type="label">
						<left>50</left>
						<width>1300</width>
						<height>40</height>
						<font>font48_title</font>
						<textcolor>white2</textcolor>
						<shadowcolor>black</shadowcolor>
						<label>$INFO[Player.Title]</label>
					</control>
					<control type="label">
						<left>90</left>
						<width>1300</width>
						<height>40</height>
						<font>font15</font>
						<textcolor>white2</textcolor>
						<shadowcolor>black</shadowcolor>
						<label>$INFO[VideoPlayer.TvShowTitle]</label>
						<visible>VideoPlayer.Content(episodes)</visible>
					</control>
					<control type="label">
						<left>90</left>
						<width>1300</width>
						<height>40</height>
						<font>font15</font>
						<textcolor>white2</textcolor>
						<shadowcolor>black</shadowcolor>
						<label>$INFO[VideoPlayer.Artist]</label>
						<visible>VideoPlayer.Content(musicvideos)</visible>
					</control>
					<control type="label">
						<left>100</left>
						<width>1300</width>
						<height>40</height>
						<font>font15</font>
						<textcolor>white2</textcolor>
						<shadowcolor>black</shadowcolor>
						<label>$INFO[VideoPlayer.Season,$LOCALIZE[20373] ,], $INFO[VideoPlayer.Episode,$LOCALIZE[20452] , , ]</label>
						<visible>VideoPlayer.Content(episodes)</visible>
					</control>
					<control type="label">
						<left>90</left>
						<width>1300</width>
						<height>40</height>
						<font>font15</font>
						<textcolor>white2</textcolor>
						<shadowcolor>black</shadowcolor>
						<label>$INFO[VideoPlayer.Premiered]</label>
						<visible>VideoPlayer.Content(episodes)</visible>
					</control>
					<control type="label">
						<left>90</left>
						<width>1300</width>
						<height>40</height>
						<font>font15</font>
						<textcolor>white2</textcolor>
						<shadowcolor>black</shadowcolor>
						<label>$INFO[VideoPlayer.Tagline]</label>
						<visible>VideoPlayer.Content(movies)</visible>
					</control>
					<control type="label">
						<left>100</left>
						<width>1300</width>
						<height>40</height>
						<font>font15</font>
						<textcolor>white2</textcolor>
						<shadowcolor>black</shadowcolor>
						<label>$INFO[VideoPlayer.Year]$INFO[VideoPlayer.Genre, | ]</label>
						<visible>VideoPlayer.Content(movies) | VideoPlayer.Content(musicvideos)</visible>
					</control>
					<control type="label">
						<left>90</left>
						<width>1300</width>
						<height>40</height>
						<font>font15</font>
						<textcolor>white2</textcolor>
						<shadowcolor>black</shadowcolor>
						<label>$INFO[VideoPlayer.Studio]</label>
						<visible>VideoPlayer.Content(movies) | VideoPlayer.Content(musicvideos)</visible>
					</control>
					<control type="label">
						<left>100</left>
						<width>1300</width>
						<height>40</height>
						<font>font15</font>
						<textcolor>white</textcolor>
						<shadowcolor>black</shadowcolor>
						<label>$INFO[VideoPlayer.Plot]</label>
						<visible>VideoPlayer.Content(livetv)</visible>
					</control>
					<control type="label">
						<description>Time Label</description>
						<left>50</left>
						<height>50</height>
						<width>1300</width>
						<label>$INFO[Player.Time]$INFO[Player.Duration,[COLOR=labelheader] / [/COLOR]]</label>
						<font>font48</font>
						<textcolor>white2</textcolor>
						<shadowcolor>black</shadowcolor>
					</control>
				</control>
			</control>
		</control>
	</include>
	<include name="NowPlayingMusicWidget">
		<!-- Music Info -->
		<control type="group">
			<top>622</top>
			<visible>Player.HasAudio + [Skin.HasSetting(melodyHome) + Window.IsActive(home)] + !String.Contains(Player.Filenameandpath,theme.mp3)</visible>
			<include>VisibleFadeAnimation</include>
			<animation effect="slide" tween="cubic" time="720" start="0,-1080" end="0,0" condition="true">WindowOpen</animation>
			<animation effect="slide" tween="cubic" time="720" end="0,-1080" start="0,0" condition="true">WindowClose</animation>
			<animation effect="slide" end="0,-640" time="320" tween="cubic" easing="inout" condition="true">Conditional</animation>
			<control type="image">
				<top>-70</top>
				<width>100%</width>
				<height>630</height>
				<texture flipy="true" border="1">nowplaying_shadow.png</texture>
			</control>
			<control type="grouplist">
				<left>410</left>
				<top>86</top>
				<width>1510</width>
				<height>460</height>
				<itemgap>12</itemgap>
				<usecontrolcoords>true</usecontrolcoords>
				<control type="label">
					<left>50</left>
					<width>1300</width>
					<height>40</height>
					<font>font48_title</font>
					<textcolor>white2</textcolor>
					<shadowcolor>black</shadowcolor>
					<label>$INFO[MusicPlayer.TrackNumber,,. ]$INFO[Player.Title]</label>
				</control>
				<control type="label">
					<height>2</height>
					<label />
				</control>
				<control type="label">
					<left>90</left>
					<width>1300</width>
					<height>40</height>
					<font>font15</font>
					<textcolor>white2</textcolor>
					<shadowcolor>black</shadowcolor>
					<label>$INFO[MusicPlayer.Artist]</label>
				</control>
				<control type="label">
					<left>100</left>
					<width>1300</width>
					<height>40</height>
					<font>font15</font>
					<textcolor>white2</textcolor>
					<shadowcolor>black</shadowcolor>
					<label>$INFO[MusicPlayer.Album]$INFO[musicplayer.discnumber, - $LOCALIZE[427]:]</label>
				</control>
				<control type="label">
					<left>90</left>
					<width>1300</width>
					<height>40</height>
					<font>font15</font>
					<textcolor>white2</textcolor>
					<shadowcolor>black</shadowcolor>
					<label>$INFO[MusicPlayer.offset(1).TrackNumber,[COLOR=labelheader]$LOCALIZE[19031]:[/COLOR] ,. ]$INFO[MusicPlayer.offset(1).Artist,, - ]$INFO[MusicPlayer.offset(1).Title]</label>
				</control>
				<control type="label">
					<height>2</height>
					<label />
				</control>
				<control type="label">
					<description>Time Label</description>
					<left>50</left>
					<height>50</height>
					<width>1300</width>
					<label>$INFO[Player.Time]$INFO[Player.Duration,[COLOR=labelheader] / [/COLOR]]</label>
					<font>font48</font>
					<textcolor>white2</textcolor>
					<shadowcolor>black</shadowcolor>
				</control>
			</control>
			<control type="image">
				<left>160</left>
				<top>45</top>
				<width>360</width>
				<height>360</height>
				<aligny>top</aligny>
				<aspectratio align="left">keep</aspectratio>
				<fadetime>300</fadetime>
				<animation effect="rotate" end="-360" center="auto" time="4800" loop="true" reversible="false" condition="!Player.Paused">Conditional</animation>
				<texture background="true" fallback="special://skin/extras/cdart/default.png" diffuse="thumbs/cdart_mask.png">$INFO[Player.FolderPath]cdart.png</texture>
				<bordersize>30</bordersize>
			</control>
			<control type="image">
				<description>Cover image</description>
				<left>-10</left>
				<top>45</top>
				<width>390</width>
				<height>360</height>
				<aspectratio align="right">keep</aspectratio>
				<texture diffuse="thumbs/cdcover_mask2.png" fallback="DefaultAlbumCover.png">$INFO[Player.Art(thumb)]</texture>
				<bordertexture border="28">thumbs/cd_shadow2.png</bordertexture>
				<bordersize>28</bordersize>
			</control>
		</control>
	</include>
	<include name="RSSFeedWidget2">
		<control type="group">
			<animation effect="slide" end="1870,0" time="240">WindowClose</animation>
			<animation effect="slide" start="1870,0" end="0,0" delay="300" time="240" condition="!window.previous(startup)">WindowOpen</animation>
			<animation effect="slide" start="1870" end="0" time="240">VisibleChange</animation>
			<animation effect="slide" start="1870,0" end="0,0" delay="800" time="480" condition="window.previous(startup)">WindowOpen</animation>
			<animation effect="slide" end="0,-946" time="320" tween="cubic" easing="inout" condition="true">Conditional</animation>
			<top>993</top>
			<control type="group">
				<animation effect="slide" end="0,-96" time="320" tween="cubic" easing="inout" condition="true">Conditional</animation>
				<control type="label">
					<left>1880</left>
					<top>44</top>
					<width>60</width>
					<height>41</height>
					<label></label>
					<font>IconSmall</font>
					<textcolor>themecolor</textcolor>
				</control>
				<control type="rss">
					<description>RSS feed</description>
					<left>10</left>
					<top>50</top>
					<height>30</height>
					<width>1860</width>
					<font>font13</font>
					<urlset>1</urlset>
					<textcolor>themecolor</textcolor>
					<titlecolor>themecolor</titlecolor>
					<headlinecolor>grey</headlinecolor>
					<shadowcolor>shadow</shadowcolor>
				</control>
			</control>
		</control>
	</include>
	<include name="WeatherWidget">
		<control type="group">
			<animation effect="slide" tween="cubic" time="720" start="0,-1080" end="0,0">WindowOpen</animation>
			<animation effect="slide" tween="cubic" time="720" end="0,-1080" start="0,0">WindowClose</animation>
			<include>VisibleFadeAnimation</include>
			<visible>String.IsEqual(Container(9000).ListItem.Property(WidgetType),3)</visible>
			<visible>[!Control.HasFocus(9000) + !Control.HasFocus(9004) + !Control.HasFocus(9003) + !Control.HasFocus(9010)] | Skin.HasSetting(showWidget)</visible>
			<control type="image">
				<width>100%</width>
				<height>630</height>
				<texture flipy="true" border="1">nowplaying_shadow.png</texture>
				<animation effect="rotatex" end="180" time="320" center="20" tween="cubic" easing="inout" condition="true">Conditional</animation>
				<animation effect="slide" end="0,-810" time="320" tween="cubic" easing="inout" condition="true">Conditional</animation>
			</control>
			<control type="multiimage">
						<description>current weather icon</description>
						<top>520</top>
						<width>320</width>
						<height>100</height>
						<imagepath>$VAR[WeatherIconsPathVar]$INFO[Window(weather).Property(Day0.FanartCode)]$VAR[WeatherIconsExtVar]</imagepath>
						<timeperimage>70</timeperimage>
						<fadetime>1</fadetime>
						<randomize>false</randomize>
						<aspectratio aligny="top">keep</aspectratio>
			</control>
						<control type="multiimage">
						<description>current weather icon</description>
						<left>320</left>
						<top>520</top>
						<width>320</width>
						<height>100</height>
						<imagepath>$VAR[WeatherIconsPathVar]$INFO[Window(weather).Property(Day1.FanartCode)]$VAR[WeatherIconsExtVar]</imagepath>
						<timeperimage>70</timeperimage>
						<fadetime>1</fadetime>
						<randomize>false</randomize>
						<aspectratio aligny="top">keep</aspectratio>
			</control>
						<control type="multiimage">
						<description>current weather icon</description>
						<top>520</top>
						<left>640</left>
						<width>320</width>
						<height>100</height>
						<imagepath>$VAR[WeatherIconsPathVar]$INFO[Window(weather).Property(Day2.FanartCode)]$VAR[WeatherIconsExtVar]</imagepath>
						<timeperimage>70</timeperimage>
						<fadetime>1</fadetime>
						<randomize>false</randomize>
						<aspectratio aligny="top">keep</aspectratio>
			</control>
						<control type="multiimage">
						<description>current weather icon</description>
						<top>520</top>
						<left>960</left>
						<width>320</width>
						<height>100</height>
						<imagepath>$VAR[WeatherIconsPathVar]$INFO[Window(weather).Property(Day3.FanartCode)]$VAR[WeatherIconsExtVar]</imagepath>
						<timeperimage>70</timeperimage>
						<fadetime>1</fadetime>
						<randomize>false</randomize>
						<aspectratio aligny="top">keep</aspectratio>
			</control>
						<control type="multiimage">
						<description>current weather icon</description>
						<top>520</top>
						<left>1280</left>
						<width>320</width>
						<height>100</height>
						<imagepath>$VAR[WeatherIconsPathVar]$INFO[Window(weather).Property(Day4.FanartCode)]$VAR[WeatherIconsExtVar]</imagepath>
						<timeperimage>70</timeperimage>
						<fadetime>1</fadetime>
						<randomize>false</randomize>
						<aspectratio aligny="top">keep</aspectratio>
			</control>
						<control type="multiimage">
						<description>current weather icon</description>
						<top>520</top>
						<left>1600</left>
						<width>320</width>
						<height>100</height>
						<imagepath>$VAR[WeatherIconsPathVar]$INFO[Window(weather).Property(Day5.FanartCode)]$VAR[WeatherIconsExtVar]</imagepath>
						<timeperimage>70</timeperimage>
						<fadetime>1</fadetime>
						<randomize>false</randomize>
						<aspectratio aligny="top">keep</aspectratio>
			</control>
			<control type="panel" id="300">
				<top>-50</top>
				<centerleft>50%</centerleft>
				<width>WeatherWidgetWidth</width>
				<height>300</height>
				<onup>9000</onup>
				<ondown>9000</ondown>
				<orientation>horizontal</orientation>
				<scrolltime tween="quadratic" easing="out">200</scrolltime>
				<animation effect="slide" end="0,508" time="320" tween="cubic" easing="inout" condition="true">Conditional</animation>
				<itemlayout height="300" width="320">
					<control type="label">
						<width>320</width>
						<height>60</height>
						<font>font15</font>
						<align>center</align>
						<textcolor>white2</textcolor>
						<shadowcolor>black</shadowcolor>
						<selectedcolor>selected</selectedcolor>
						<label>$INFO[ListItem.Label]</label>
						<textoffsetx>15</textoffsetx>
					</control>
					<control type="label">
						<top>160</top>
						<width>320</width>
						<height>60</height>
						<font>font15</font>
						<align>center</align>
						<textcolor>white2</textcolor>
						<shadowcolor>black</shadowcolor>
						<selectedcolor>selected</selectedcolor>
						<label>$INFO[ListItem.Label2]</label>
						<textoffsetx>15</textoffsetx>
					</control>
					<control type="label">
						<top>240</top>
						<width>320</width>
						<height>60</height>
						<font>font15</font>
						<align>center</align>
						<textcolor>white2</textcolor>
						<shadowcolor>black</shadowcolor>
						<selectedcolor>selected</selectedcolor>
						<label>$INFO[ListItem.Property(HighTemp),[COLOR red],[/COLOR]]$INFO[ListItem.Property(LowTemp), | [COLOR blue],[/COLOR]]</label>
						<textoffsetx>15</textoffsetx>
					</control>
				</itemlayout>
				<focusedlayout height="300" width="320">
					<control type="image">
						<width>320</width>
						<height>300</height>
						<texture border="4">listselect_fo.png</texture>
					</control>
					<control type="label">
						<width>320</width>
						<height>60</height>
						<font>font15</font>
						<align>center</align>
						<selectedcolor>selected</selectedcolor>
						<shadowcolor>black</shadowcolor>
						<label>$INFO[ListItem.Label]</label>
						<textoffsetx>15</textoffsetx>
					</control>
					<control type="label">
						<top>160</top>
						<width>320</width>
						<height>60</height>
						<font>font15</font>
						<align>center</align>
						<selectedcolor>selected</selectedcolor>
						<shadowcolor>black</shadowcolor>
						<label>$INFO[ListItem.Label2]</label>
						<textoffsetx>15</textoffsetx>
					</control>
					<control type="label">
						<top>240</top>
						<width>320</width>
						<height>60</height>
						<font>font15</font>
						<align>center</align>
						<shadowcolor>black</shadowcolor>
						<selectedcolor>selected</selectedcolor>
						<label>$INFO[ListItem.Property(HighTemp),[COLOR red],[/COLOR]]$INFO[ListItem.Property(LowTemp), | [COLOR blue],[/COLOR]]</label>
						<textoffsetx>15</textoffsetx>
					</control>
				</focusedlayout>
				<content>
					<item>
						<label>$LOCALIZE[31909]</label>
						<icon />
						<onclick>noop</onclick>
						<visible>!Weather.IsFetched</visible>
					</item>
					<item>
						<label>$INFO[Window(weather).Property(Day0.Title)]</label>
						<label2>$INFO[Window(weather).Property(Day0.Outlook)]</label2>
						<icon>$VAR[WeatherIconsPathVar]$INFO[Window(weather).Property(Day0.FanartCode)]$VAR[WeatherIconsExtVar]</icon>
						<property name="HighTemp">$INFO[Window(weather).Property(Day0.HighTemp)]$INFO[System.TemperatureUnits]</property>
						<property name="LowTemp">$INFO[Window(weather).Property(Day0.LowTemp)]$INFO[System.TemperatureUnits]</property>
						<onclick>noop</onclick>
					</item>
					<item>
						<label>$INFO[Window(weather).Property(Day1.Title)]</label>
						<label2>$INFO[Window(weather).Property(Day1.Outlook)]</label2>
						<icon>$VAR[WeatherIconsPathVar]$INFO[Window(weather).Property(Day1.FanartCode)]$VAR[WeatherIconsExtVar]</icon>
						<property name="HighTemp">$INFO[Window(weather).Property(Day1.HighTemp)]$INFO[System.TemperatureUnits]</property>
						<property name="LowTemp">$INFO[Window(weather).Property(Day1.LowTemp)]$INFO[System.TemperatureUnits]</property>
						<onclick>noop</onclick>
					</item>
					<item>
						<label>$INFO[Window(weather).Property(Day2.Title)]</label>
						<label2>$INFO[Window(weather).Property(Day2.Outlook)]</label2>
						<icon>$VAR[WeatherIconsPathVar]$INFO[Window(weather).Property(Day2.FanartCode)]$VAR[WeatherIconsExtVar]</icon>
						<property name="HighTemp">$INFO[Window(weather).Property(Day2.HighTemp)]$INFO[System.TemperatureUnits]</property>
						<property name="LowTemp">$INFO[Window(weather).Property(Day2.LowTemp)]$INFO[System.TemperatureUnits]</property>
						<onclick>noop</onclick>
					</item>
					<item>
						<label>$INFO[Window(weather).Property(Day3.Title)]</label>
						<label2>$INFO[Window(weather).Property(Day3.Outlook)]</label2>
						<icon>$VAR[WeatherIconsPathVar]$INFO[Window(weather).Property(Day3.FanartCode)]$VAR[WeatherIconsExtVar]</icon>
						<property name="HighTemp">$INFO[Window(weather).Property(Day3.HighTemp)]$INFO[System.TemperatureUnits]</property>
						<property name="LowTemp">$INFO[Window(weather).Property(Day3.LowTemp)]$INFO[System.TemperatureUnits]</property>
						<onclick>noop</onclick>
					</item>
					<item>
						<label>$INFO[Window(weather).Property(Day4.Title)]</label>
						<label2>$INFO[Window(weather).Property(Day4.Outlook)]</label2>
						<icon>$VAR[WeatherIconsPathVar]$INFO[Window(weather).Property(Day4.FanartCode)]$VAR[WeatherIconsExtVar]</icon>
						<property name="HighTemp">$INFO[Window(weather).Property(Day4.HighTemp)]$INFO[System.TemperatureUnits]</property>
						<property name="LowTemp">$INFO[Window(weather).Property(Day4.LowTemp)]$INFO[System.TemperatureUnits]</property>
						<onclick>noop</onclick>
					</item>
					<item>
						<label>$INFO[Window(weather).Property(Day5.Title)]</label>
						<label2>$INFO[Window(weather).Property(Day5.Outlook)]</label2>
						<icon>$VAR[WeatherIconsPathVar]$INFO[Window(weather).Property(Day5.FanartCode)]$VAR[WeatherIconsExtVar]</icon>
						<property name="HighTemp">$INFO[Window(weather).Property(Day5.HighTemp)]$INFO[System.TemperatureUnits]</property>
						<property name="LowTemp">$INFO[Window(weather).Property(Day5.LowTemp)]$INFO[System.TemperatureUnits]</property>
						<onclick>noop</onclick>
					</item>
				</content>
			</control>
		</control>
	</include>
	<include name="LiveTVWidget">
		<control type="group">
			<left>490r</left>
			<top>200</top>
			<visible>String.IsEqual(Container(9000).ListItem.Property(WidgetType),12)</visible>
			<visible>[!Control.HasFocus(9000) + !Control.HasFocus(9004) + !Control.HasFocus(9003) + !Control.HasFocus(9010)] | Skin.HasSetting(showWidget)</visible>
			<include>VisibleFadeAnimation</include>
			<include>WindowOpenCloseAnimation</include>
			<animation effect="fade" start="100" end="0" time="200" condition="Window.IsActive(Favourites)">conditional</animation>
			<control type="group">
				<animation effect="slide" start="0,0" end="0,100" time="0" condition="PVR.IsRecording">conditional</animation>
				<visible>PVR.HasNonRecordingTimer</visible>
				<height>120</height>
				<top>30</top>
				<control type="image">
					<left>-200</left>
					<width>800</width>
					<height>120</height>
					<texture flipx="true" border="40,0,0,0" >side_fade.png</texture>
				</control>
				<control type="image">
					<left>390</left>
					<width>90</width>
					<height>120</height>
					<aspectratio>keep</aspectratio>
					<texture background="true" fallback="DefaultTVShows.png">$INFO[PVR.NextRecordingChannelIcon]</texture>
				</control>
				<control type="label">
					<left>340</left>
					<top>12</top>
					<height>26</height>
					<width>26</width>
					<textoffsetx>15</textoffsetx>
					<font>IconTiny</font>
					<textcolor>themecolor</textcolor>
					<label></label>
				</control>
				<control type="label">
					<description>Next Timer Header label</description>
					<left>-55</left>
					<top>12</top>
					<height>25</height>
					<width>400</width>
					<label>$LOCALIZE[19157][COLOR=grey]$INFO[PVR.NextRecordingChannel, - ,][/COLOR]</label>
					<align>right</align>
					<font>font13</font>
					<textcolor>themecolor</textcolor>
					<shadowcolor>black</shadowcolor>
				</control>
				<control type="label">
					<description>NextRecordingDateTime</description>
					<left>-20</left>
					<top>48</top>
					<height>25</height>
					<width>400</width>
					<label>$INFO[PVR.NextRecordingDateTime,$LOCALIZE[19126] - ]</label>
					<align>right</align>
					<font>font13</font>
					<scroll>true</scroll>
					<shadowcolor>black</shadowcolor>
				</control>
				<control type="label">
					<description>NextRecordingTitle Channel</description>
					<left>-420</left>
					<top>85</top>
					<height>25</height>
					<width>800</width>
					<label>$INFO[PVR.NextRecordingTitle]</label>
					<align>right</align>
					<font>font13_title</font>
					<textcolor>white</textcolor>
					<shadowcolor>black</shadowcolor>
					<scroll>true</scroll>
				</control>
			</control>
			<control type="group">
				<visible>PVR.IsRecording</visible>
				<height>150</height>
				<control type="image">
					<left>-200</left>
					<width>800</width>
					<height>120</height>
					<texture flipx="true" border="40,0,0,0" >side_fade.png</texture>
				</control>
				<control type="image">
					<left>390</left>
					<width>90</width>
					<height>120</height>
					<aspectratio>keep</aspectratio>
					<texture background="true" fallback="DefaultTVShows.png">$INFO[PVR.NowRecordingChannelIcon]</texture>
				</control>
				<control type="label">
					<left>340</left>
					<top>12</top>
					<height>26</height>
					<width>26</width>
					<textoffsetx>15</textoffsetx>
					<font>IconTiny</font>
					<textcolor>red</textcolor>
					<label></label>
				</control>
				<control type="label">
					<description>Is Recording Header label</description>
					<left>-55</left>
					<top>12</top>
					<height>25</height>
					<width>400</width>
					<label>$LOCALIZE[19158][COLOR=grey]$INFO[PVR.NowRecordingChannel, - ,][/COLOR]</label>
					<align>right</align>
					<font>font13</font>
					<textcolor>themecolor</textcolor>
					<shadowcolor>black</shadowcolor>
				</control>
				<control type="label">
					<description>NowRecordingDateTime</description>
					<left>-20</left>
					<top>48</top>
					<height>25</height>
					<width>400</width>
					<label>$INFO[PVR.NowRecordingDateTime,$LOCALIZE[19126] - ]</label>
					<align>right</align>
					<font>font13</font>
					<scroll>true</scroll>
					<shadowcolor>black</shadowcolor>
				</control>
				<control type="label">
					<description>NowRecordingTitle Channel</description>
					<left>-420</left>
					<top>85</top>
					<height>25</height>
					<width>800</width>
					<label>$INFO[PVR.NowRecordingTitle]</label>
					<align>right</align>
					<font>font13_title</font>
					<textcolor>white</textcolor>
					<shadowcolor>black</shadowcolor>
					<scroll>true</scroll>
				</control>
			</control>
		</control>
	</include>
	<include name="FanartTitle">
		<control type="group">
			<visible>!Player.HasVideo</visible>
			<bottom>0</bottom>
			<height>60</height>
			<control type="label" id="9011">
				<label>$VAR[FanartTitleVar]</label>
				<include>HiddenObject</include>
			</control>
			<control type="button">
				<width>auto</width>
				<height>60</height>
				<font>font10</font>
				<textcolor>FFDFDFDF</textcolor>
				<shadowcolor />
				<aligny>top</aligny>
				<textoffsetx>30</textoffsetx>
				<textoffsety>5</textoffsety>
				<label>$VAR[FanartTitleVar]</label>
				<texturenofocus border="30,0,30,30">text_shadow.png</texturenofocus>
				<visible>![ControlGroup(9003).HasFocus() | ControlGroup(9004).HasFocus()] + !String.IsEmpty(Control.GetLabel(9011))</visible>
				<include>VisibleFadeAnimation</include>
				<animation effect="fade" time="600">WindowOpen</animation>
				<animation effect="fade" time="600">WindowClose</animation>
			</control>
		</control>
	</include>
</includes>