<?xml version="1.0" encoding="UTF-8"?>
<window>
	<defaultcontrol always="true">50</defaultcontrol>
	<onload>SetProperty(Window.HasSettings,True,home)</onload>
	<onload>ClearProperty(MediaMenu,Home)</onload>
	<onunload>ClearProperty(Window.HasSettings,Home)</onunload>
	<views>50,591,593,596,597,598,599</views>
	<menucontrol>9051</menucontrol>
	<controls>
					<control type="fadelabel" id="5874">
					<top>-1000</top>
					<width>1</width>
					<height>1</height>
					<info>ListItem.Art(fanart)</info>
					<info>ListItem.Art(fanart1)</info>
					<info>ListItem.Art(fanart2)</info>
					<info>ListItem.Art(fanart3)</info>
					<info>ListItem.Art(fanart4)</info>
					<info>ListItem.Art(fanart5)</info>
					<info>ListItem.Art(fanart6)</info>
					<info>ListItem.Art(fanart7)</info>
					<info>ListItem.Art(fanart8)</info>
					<info>ListItem.Art(fanart9)</info>
					<info>ListItem.Art(artist.fanart)</info>
					<info>ListItem.Art(artist.fanart1)</info>
					<info>ListItem.Art(artist.fanart2)</info>
					<info>ListItem.Art(artist.fanart3)</info>
					<info>ListItem.Art(artist.fanart4)</info>
					<info>ListItem.Art(artist.fanart5)</info>
					<info>ListItem.Art(artist.fanart6)</info>
					<info>ListItem.Art(artist.fanart7)</info>
					<info>ListItem.Art(artist.fanart8)</info>
					<info>ListItem.Art(artist.fanart9)</info>
					<randomize>false</randomize>
					<pauseatend>6000</pauseatend>
					<scroll>false</scroll>
					<scrollout>false</scrollout>
					<resetonlabelchange>true</resetonlabelchange>
				</control>
		<include>CommonBackground</include>
		<control type="group">
			<include>WindowOpenCloseAnimation</include>
			<include condition="!Skin.HasSetting(Enable.SlimList)">MusicList</include>
			<include condition="Skin.HasSetting(Enable.SlimList)">SlimMusicList</include>
			<!-- view id = 50 -->
			<include>ViewTriple3Dm</include>
			<!-- view id = 591 -->
			<include>ViewFanart3D</include>
			<!-- view id = 593 -->
			<include>ViewList3Dm</include>
			<!-- view id = 596 -->
			<include>ViewWall3Dm</include>
			<!-- view id = 597 -->
			<include>ViewShelf3Dm</include>
			<!-- view id = 598 -->
			<include>ViewMagazine3D</include>
			<!-- view id = 599 -->
		</control>
		<control type="group">
			<left>-440</left>
			<include>SideBladeLeft</include>
			<control type="grouplist" id="9050">
				<include>MediaMenuTop</include>
				<control type="button" id="201">
					<description>View options</description>
					<textwidth>352</textwidth>
					<font>font13_title</font>
					<include>ButtonCommonValues</include>
					<label>31026</label>
					<enable>no</enable>
					<disabledcolor>themecolor</disabledcolor>
				</control>
				<control type="button" id="8">
					<description>Search</description>
					<include>ButtonCommonValues</include>
					<label>137</label>
				</control>
				<control type="edit" id="19">
					<visible>Container.CanFilter + !Container.CanFilterAdvanced</visible>
					<description>Filter</description>
					<textwidth>345</textwidth>
					<include>ButtonCommonValues</include>
					<label>587</label>
				</control>
				<control type="radiobutton" id="98">
					<visible>Container.CanFilterAdvanced</visible>
					<description>Filter</description>
					<include>ButtonCommonValues</include>
					<label>587</label>
					<selected>Container.Filtered</selected>
					<onclick>right</onclick>
					<onclick>Filter</onclick>
				</control>
				<control type="radiobutton" id="16">
					<description>PartyMode</description>
					<label>589</label>
					<include>ButtonCommonValues</include>
				</control>
				<control type="button" id="203">
					<description>Actions</description>
					<textwidth>352</textwidth>
					<font>font13_title</font>
					<include>ButtonCommonValues</include>
					<label>31039</label>
					<enable>no</enable>
					<disabledcolor>themecolor</disabledcolor>
				</control>
				<control type="togglebutton" id="20">
					<description>Update library</description>
					<include>ButtonCommonValues</include>
					<label>653</label>
					<altlabel>13353</altlabel>
					<usealttexture>library.isscanningmusic</usealttexture>
				</control>
				<control type="button" id="613">
					<description>Get more</description>
					<include>ButtonCommonValues</include>
					<label>$LOCALIZE[21452]</label>
					<onclick>ActivateWindow(addonbrowser,addons://more/audio/,return)</onclick>
					<visible>Container.Content(addons)</visible>
				</control>
				<control type="button" id="614">
					<description>Add-on settings</description>
					<include>ButtonCommonValues</include>
					<label>$LOCALIZE[10140]</label>
					<onclick>Addon.OpenSettings($INFO[Container.PluginName])</onclick>
					<visible>!String.IsEmpty(Container.PluginName)</visible>
				</control>
				<control type="button" id="615">
					<description>Settings button</description>
					<include>ButtonCommonValues</include>
					<label>$LOCALIZE[5]</label>
					<onclick>ActivateWindow(mediasettings,music)</onclick>
					<visible>Container.Content(albums) | Container.Content(artists) | Container.Content(songs)</visible>
				</control>
				<control type="button" id="612">
					<description>Go to playlist</description>
					<include>ButtonCommonValues</include>
					<label>13350</label>
					<onclick>ActivateWindow(musicplaylist)</onclick>
					<visible>!String.IsEqual(Playlist.Length(music),0)</visible>
				</control>
				<control type="button" id="616">
					<description>Go to playercontrols</description>
					<include>ButtonCommonValues</include>
					<label>$LOCALIZE[31177]</label>
					<onclick condition="Player.HasAudio">ClearProperty(MediaMenu,Home)</onclick>
					<onclick condition="Player.HasAudio">SetFocus(50)</onclick>
					<onclick condition="Player.HasAudio">ActivateWindow(playercontrols)</onclick>
					<onclick condition="Player.HasVideo">Fullscreen</onclick>
					<onclick condition="Player.HasVideo">ActivateWindow(videoosd)</onclick>
					<onclick>ClearProperty(MediaMenu,Home)</onclick>
					<visible>Player.HasMedia</visible>
				</control>
			</control>
		</control>
		<control type="group">
		<visible>Control.IsVisible(591) | Control.IsVisible(597) | Control.IsVisible(596)</visible>
		<visible allowhiddenfocus="true">Control.HasFocus(5919)</visible>
			<animation effect="fade" start="0" end="90" time="1200">Visible</animation>
			<animation effect="slide" end="0,-110" time="0" condition="Control.IsVisible(591)">Conditional</animation>
			<animation effect="slide" end="1868,0" time="0" condition="Control.IsVisible(597)">Conditional</animation>
			<animation effect="slide" end="1862,0" time="0" condition="Control.IsVisible(596)">Conditional</animation>
			<left>-5</left>
			<top>470</top>
			<control type="button" id="5919">
				<include>HiddenObject</include>
				<onleft condition="Control.IsVisible(591)">80</onleft>
				<onright condition="Control.IsVisible(591)">50</onright>
				<onleft condition="Control.IsVisible(596) | Control.IsVisible(597)">50</onleft>
				<onright condition="Control.IsVisible(596)">80</onright>
				<onright condition="Control.IsVisible(597)">50</onright>
				<onup>SetFocus(50)</onup>
				<onup>Action(prevletter)</onup>
				<onup>SetFocus(5919)</onup>
				<ondown>SetFocus(50)</ondown>
				<ondown>Action(nextletter)</ondown>
				<ondown>SetFocus(5919)</ondown>
				<onclick>SetFocus(50)</onclick>
				<onback>50</onback>
			</control>
			<control type="image">
			<animation effect="fade" end="70" condition="true">Conditional</animation>
				<left>-9</left>
				<top>-64</top>
				<width>65</width>
				<height>65</height>
				<aspectratio>keep</aspectratio>
				<texture background="true">tajo/arrow_v.gif</texture>
			</control>
			<control type="image">
			<animation effect="fade" end="70" condition="true">Conditional</animation>
				<left>-9</left>
				<top>110</top>
				<width>65</width>
				<height>65</height>
				<aspectratio>keep</aspectratio>
				<texture background="true">tajo/arrow_vd.gif</texture>
			</control>
			<control type="image">
			<animation effect="slide" end="-15,0" time="0" condition="Control.IsVisible(597) | Control.IsVisible(596)">Conditional</animation>
				<top>5</top>
				<left>1</left>
				<width>80</width>
				<height>100</height>
				<texture border="40">dialogs/default/bg.png</texture>
			</control>
				<control type="label">
				<visible>!String.StartsWith(ListItem.Label,*)</visible>
				<animation effect="slide" end="-10,0" time="0" condition="Control.IsVisible(597) | Control.IsVisible(596)">Conditional</animation>
				<top>-5</top>
				<left>-5</left>
				<width>80</width>
				<height>120</height>
				<align>center</align>
				<label>$INFO[ListItem.SortLetter]</label>
				<textcolor>white</textcolor>
				<font>font_MainMenu2</font>
				</control>
				<control type="label">
				<visible>String.StartsWith(ListItem.Label,*)</visible>
				<animation effect="slide" end="-10,0" time="0" condition="Control.IsVisible(597) | Control.IsVisible(596)">Conditional</animation>
				<top>-5</top>
				<left>-5</left>
				<width>80</width>
				<height>120</height>
				<align>center</align>
				<label>#</label>
				<textcolor>white</textcolor>
				<font>font_MainMenu2</font>
				</control>
		</control>
		<control type="group">
		<visible>Control.IsVisible(598) | Control.IsVisible(599) | Control.IsVisible(593)</visible>
		<visible allowhiddenfocus="true">Control.HasFocus(5929)</visible>
			<animation effect="fade" start="0" end="90" time="1200">Visible</animation>
			<animation effect="slide" end="-150,0" time="0" condition="Control.IsVisible(593)">Conditional</animation>
			<left>310</left>
			<top>980</top>
			<control type="button" id="5929">
				<include>HiddenObject</include>
				<ondown>86</ondown>
				<onup>50</onup>
				<onleft>SetFocus(50)</onleft>
				<onleft>Action(prevletter)</onleft>
				<onleft>SetFocus(5929)</onleft>
				<onright>SetFocus(50)</onright>
				<onright>Action(nextletter)</onright>
				<onright>SetFocus(5929)</onright>
				<onclick>SetFocus(50)</onclick>
				<onback>50</onback>
			</control>
			<control type="image">
			<animation effect="fade" end="70" condition="true">Conditional</animation>
				<left>-78</left>
				<top>38</top>
				<width>65</width>
				<height>65</height>
				<aspectratio>keep</aspectratio>
				<texture background="true">tajo/arrow_h.gif</texture>
			</control>
			<control type="image">
			<animation effect="fade" end="70" condition="true">Conditional</animation>
				<left>81</left>
				<top>38</top>
				<width>65</width>
				<height>65</height>
				<aspectratio>keep</aspectratio>
				<texture background="true">tajo/arrow_hd.gif</texture>
			</control>
			<control type="image">
				<top>19</top>
				<left>-9</left>
				<width>86</width>
				<height>100</height>
				<texture border="40">dialogs/default/bg.png</texture>
			</control>
				<control type="label">
				<visible>!String.StartsWith(ListItem.Label,*)</visible>
				<top>1</top>
				<left>-5</left>
				<width>80</width>
				<height>120</height>
				<align>center</align>
				<label>$INFO[ListItem.SortLetter]</label>
				<textcolor>white</textcolor>
				<font>font_MainMenu2</font>
				</control>
				<control type="label">
				<visible>String.StartsWith(ListItem.Label,*)</visible>
				<top>1</top>
				<left>-5</left>
				<width>80</width>
				<height>120</height>
				<align>center</align>
				<label>#</label>
				<textcolor>white</textcolor>
				<font>font_MainMenu2</font>
				</control>
		</control>
	</controls>
</window>