<?xml version="1.0" encoding="UTF-8"?>
<window>
	<defaultcontrol always="true">9000</defaultcontrol>
	<onload condition="!String.IsEmpty(Window(home).Property(Window.HasSettings))">ClearProperty(Window.HasSettings,Home)</onload>
	<onload>ClearProperty(MediaMenu,Home)</onload>
	<onunload>SetProperty(Window.HasSettings,True,home)</onunload>
	<views>50</views>
	<controls>
		<include>CommonBackground</include>
								<control type="image">
					<left>-30</left>
					<top>-30</top>
					<width>2040</width>
					<height>1277</height>
					<texture background="true">black.png</texture>
					<animation effect="fade" end="85" condition="true">Conditional</animation>
				</control>
		<control type="label" id="991">
			<include>HiddenObject</include>
		</control>
		<control type="label" id="999">
			<include>HiddenObject</include>
		</control>
		<control type="label" id="899">
			<include>HiddenObject</include>
			<label>$VAR[GlobalSearchStatus]</label>
		</control>
		<control type="group">
			<include>WindowOpenCloseAnimation</include>
			<centerleft>ListCenterleft</centerleft>
			<width>100%</width>
			<control type="group">
				<left>100</left>
				<top>-40</top>
				<control type="image">
					<description>background image</description>
					<left>-32</left>
					<top>148</top>
					<width>1204</width>
					<height>904</height>
					<texture border="40">dialogs/default/bg.png</texture>
				</control>
				<control type="panel" id="50">
					<top>180</top>
					<width>1140</width>
					<height>840</height>
					<onleft>SetProperty(MediaMenu,True,home)</onleft>
					<onleft>SetFocus(9050)</onleft>
					<onright>60</onright>
					<onup>50</onup>
					<ondown>50</ondown>
					<viewtype label="535">list</viewtype>
					<pagecontrol>60</pagecontrol>
					<scrolltime tween="quadratic" easing="out">200</scrolltime>
					<itemlayout height="120" width="1140" condition="Container.Content(movies)">
						<control type="image">
							<left>15</left>
							<top>8</top>
							<width>105</width>
							<height>105</height>
							<aspectratio>keep</aspectratio>
							<texture fallback="flags/studios/default-studio.png">$VAR[StudioIconVar]</texture>
							<colordiffuse>grey2</colordiffuse>
						</control>
						<control type="label">
							<left>135</left>
							<width>790</width>
							<height>70</height>
							<font>font30</font>
							<textcolor>grey2</textcolor>
							<selectedcolor>selected</selectedcolor>
							<label>$INFO[ListItem.Label]</label>
							<animation effect="slide" start="0,0" end="0,25" time="0" condition="String.IsEmpty(ListItem.Genre)">Conditional</animation>
						</control>
						<control type="label">
							<left>135</left>
							<top>55</top>
							<width>790</width>
							<height>60</height>
							<font>font15</font>
							<textcolor>grey3</textcolor>
							<selectedcolor>selected</selectedcolor>
							<label>$VAR[VideoListLabel2Var]</label>
						</control>
						<control type="image">
							<left>935</left>
							<top>46</top>
							<width>42</width>
							<height>28</height>
							<aspectratio>keep</aspectratio>
							<texture>$VAR[UnFocusHDIndicator]</texture>
							<colordiffuse>grey2</colordiffuse>
							<visible>String.IsEqual(ListItem.Label2,ListItem.Rating) | String.IsEqual(ListItem.Label2,ListItem.Year)</visible>
						</control>
						<control type="label">
							<width>1060</width>
							<height>116</height>
							<font>font30</font>
							<align>right</align>
							<textcolor>grey2</textcolor>
							<selectedcolor>selected</selectedcolor>
							<label>$INFO[ListItem.Rating]</label>
							<visible>[String.IsEqual(ListItem.Label2,ListItem.Rating) + !Skin.HasSetting(Enable.HideRatings)] | String.IsEqual(Container.SortMethod,$LOCALIZE[563])</visible>
						</control>
						<control type="label">
							<left>5</left>
							<width>1060</width>
							<height>116</height>
							<font>font15</font>
							<align>right</align>
							<textcolor>grey2</textcolor>
							<selectedcolor>selected</selectedcolor>
							<label>$VAR[VideoListLabelVar]</label>
							<visible>[!String.IsEqual(ListItem.Label2,ListItem.Rating) | Skin.HasSetting(Enable.HideRatings)] + !String.IsEqual(Container.SortMethod,$LOCALIZE[563])</visible>
						</control>
						<control type="image">
							<left>1076</left>
							<top>28</top>
							<width>64</width>
							<height>64</height>
							<aspectratio>keep</aspectratio>
							<texture>$VAR[ListItem.Overlay]</texture>
						</control>
					</itemlayout>
					<focusedlayout height="120" width="1140" condition="Container.Content(movies)">
						<control type="image">
							<width>1140</width>
							<height>120</height>
							<texture border="4">listselect_fo.png</texture>
							<visible>Control.HasFocus(50)</visible>
							<include>VisibleFadeAnimation</include>
						</control>
						<control type="image">
							<left>15</left>
							<top>8</top>
							<width>105</width>
							<height>105</height>
							<aspectratio>keep</aspectratio>
							<texture fallback="flags/studios/default-studio.png">$VAR[StudioIconVar]</texture>
						</control>
						<control type="label">
							<left>135</left>
							<width>790</width>
							<height>70</height>
							<font>font30</font>
							<textcolor>white</textcolor>
							<selectedcolor>selected</selectedcolor>
							<label>$INFO[ListItem.Label]</label>
							<animation effect="slide" start="0,0" end="0,25" time="0" condition="String.IsEmpty(ListItem.Genre)">Conditional</animation>
						</control>
						<control type="label">
							<left>135</left>
							<top>55</top>
							<width>790</width>
							<height>60</height>
							<font>font15</font>
							<textcolor>white</textcolor>
							<selectedcolor>selected</selectedcolor>
							<label>$VAR[VideoListLabel2Var]</label>
						</control>
						<control type="image">
							<left>935</left>
							<top>46</top>
							<width>42</width>
							<height>28</height>
							<aspectratio>keep</aspectratio>
							<texture>$VAR[UnFocusHDIndicator]</texture>
							<visible>String.IsEqual(ListItem.Label2,ListItem.Rating) | String.IsEqual(ListItem.Label2,ListItem.Year)</visible>
						</control>
						<control type="label">
							<width>1060</width>
							<height>116</height>
							<font>font30</font>
							<align>right</align>
							<textcolor>white</textcolor>
							<selectedcolor>selected</selectedcolor>
							<label>$INFO[ListItem.Rating]</label>
							<visible>[String.IsEqual(ListItem.Label2,ListItem.Rating) + !Skin.HasSetting(Enable.HideRatings)] | String.IsEqual(Container.SortMethod,$LOCALIZE[563])</visible>
						</control>
						<control type="label">
							<left>5</left>
							<width>1060</width>
							<height>116</height>
							<font>font15</font>
							<align>right</align>
							<textcolor>white</textcolor>
							<selectedcolor>selected</selectedcolor>
							<label>$VAR[VideoListLabelVar]</label>
							<visible>[!String.IsEqual(ListItem.Label2,ListItem.Rating) | Skin.HasSetting(Enable.HideRatings)] + !String.IsEqual(Container.SortMethod,$LOCALIZE[563])</visible>
						</control>
						<control type="image">
							<left>1076</left>
							<top>28</top>
							<width>64</width>
							<height>64</height>
							<aspectratio>keep</aspectratio>
							<texture>$VAR[ListItem.Overlay]</texture>
						</control>
					</focusedlayout>
					<itemlayout height="120" width="1140" condition="Container.Content(episodes)">
						<control type="image">
							<left>15</left>
							<top>8</top>
							<width>105</width>
							<height>105</height>
							<aspectratio>keep</aspectratio>
							<texture background="true">$INFO[ListItem.Icon,views/list/]</texture>
							<colordiffuse>grey2</colordiffuse>
							<visible>String.StartsWith(ListItem.Icon,Default)</visible>
						</control>
						<control type="image">
							<left>15</left>
							<top>8</top>
							<width>105</width>
							<height>105</height>
							<aspectratio>keep</aspectratio>
							<texture background="true">$INFO[ListItem.Icon]</texture>
							<visible>!String.StartsWith(ListItem.Icon,Default)</visible>
						</control>
						<control type="label">
							<left>135</left>
							<width>790</width>
							<height>70</height>
							<font>font30</font>
							<textcolor>grey2</textcolor>
							<selectedcolor>selected</selectedcolor>
							<label>$VAR[EpisodeTitleVar]</label>
							<animation effect="slide" start="0,0" end="0,25" time="0" condition="!String.EndsWith(Container.FolderName,$LOCALIZE[20387]) + String.IsEmpty(ListItem.Premiered)">Conditional</animation>
						</control>
						<control type="label">
							<left>135</left>
							<top>55</top>
							<width>790</width>
							<height>60</height>
							<font>font15</font>
							<textcolor>grey3</textcolor>
							<selectedcolor>selected</selectedcolor>
							<label>$VAR[VideoListLabel2Var]</label>
						</control>
						<control type="image">
							<left>935</left>
							<top>46</top>
							<width>42</width>
							<height>28</height>
							<aspectratio>keep</aspectratio>
							<texture>$VAR[UnFocusHDIndicator]</texture>
							<colordiffuse>grey2</colordiffuse>
							<visible>!String.EndsWith(Container.FolderName,$LOCALIZE[20387]) + String.IsEqual(ListItem.Label2,ListItem.Rating) + !Skin.HasSetting(Enable.HideRatings)</visible>
						</control>
						<control type="label">
							<width>1060</width>
							<height>116</height>
							<font>font30</font>
							<align>right</align>
							<textcolor>grey2</textcolor>
							<selectedcolor>selected</selectedcolor>
							<label>$INFO[ListItem.Label2]</label>
							<visible>!String.EndsWith(Container.FolderName,$LOCALIZE[20387]) + ![String.IsEqual(ListItem.Label2,ListItem.Rating) + Skin.HasSetting(Enable.HideRatings)]</visible>
						</control>
						<control type="label">
							<left>5</left>
							<width>1060</width>
							<height>116</height>
							<font>font15</font>
							<align>right</align>
							<textcolor>grey2</textcolor>
							<selectedcolor>selected</selectedcolor>
							<label>$INFO[ListItem.Premiered]</label>
							<visible>String.EndsWith(Container.FolderName,$LOCALIZE[20387]) | [String.IsEqual(ListItem.Label2,ListItem.Rating) + Skin.HasSetting(Enable.HideRatings)]</visible>
						</control>
						<control type="image">
							<left>1076</left>
							<top>28</top>
							<width>64</width>
							<height>64</height>
							<aspectratio>keep</aspectratio>
							<texture>$VAR[ListItem.Overlay]</texture>
						</control>
					</itemlayout>
					<focusedlayout height="120" width="1140" condition="Container.Content(episodes)">
							<control type="image">
							<width>1140</width>
							<height>120</height>
							<texture border="4">listselect_fo.png</texture>
							<visible>Control.HasFocus(50)</visible>
							<include>VisibleFadeAnimation</include>
						</control>
						<control type="image">
							<left>15</left>
							<top>8</top>
							<width>105</width>
							<height>105</height>
							<aspectratio>keep</aspectratio>
							<texture background="true">$INFO[ListItem.Icon,views/list/]</texture>
							<visible>String.StartsWith(ListItem.Icon,Default)</visible>
						</control>
						<control type="image">
							<left>15</left>
							<top>8</top>
							<width>105</width>
							<height>105</height>
							<aspectratio>keep</aspectratio>
							<texture background="true">$INFO[ListItem.Icon]</texture>
							<visible>!String.StartsWith(ListItem.Icon,Default)</visible>
						</control>
						<control type="label">
							<left>135</left>
							<width>790</width>
							<height>70</height>
							<font>font30</font>
							<textcolor>white</textcolor>
							<selectedcolor>selected</selectedcolor>
							<label>$VAR[EpisodeTitleVar]</label>
							<animation effect="slide" start="0,0" end="0,25" time="0" condition="!String.EndsWith(Container.FolderName,$LOCALIZE[20387]) + String.IsEmpty(ListItem.Premiered)">Conditional</animation>
						</control>
						<control type="label">
							<left>135</left>
							<top>55</top>
							<width>790</width>
							<height>60</height>
							<font>font15</font>
							<textcolor>white</textcolor>
							<selectedcolor>selected</selectedcolor>
							<label>$VAR[VideoListLabel2Var]</label>
						</control>
						<control type="image">
							<left>935</left>
							<top>46</top>
							<width>42</width>
							<height>28</height>
							<aspectratio>keep</aspectratio>
							<texture>$VAR[UnFocusHDIndicator]</texture>
							<visible>!String.EndsWith(Container.FolderName,$LOCALIZE[20387]) + String.IsEqual(ListItem.Label2,ListItem.Rating) + !Skin.HasSetting(Enable.HideRatings)</visible>
						</control>
						<control type="label">
							<width>1060</width>
							<height>116</height>
							<font>font30</font>
							<align>right</align>
							<textcolor>white</textcolor>
							<selectedcolor>selected</selectedcolor>
							<label>$INFO[ListItem.Label2]</label>
							<visible>!String.EndsWith(Container.FolderName,$LOCALIZE[20387]) + ![String.IsEqual(ListItem.Label2,ListItem.Rating) + Skin.HasSetting(Enable.HideRatings)]</visible>
						</control>
						<control type="label">
							<left>5</left>
							<width>1060</width>
							<height>116</height>
							<font>font15</font>
							<align>right</align>
							<textcolor>white</textcolor>
							<selectedcolor>selected</selectedcolor>
							<label>$INFO[ListItem.Premiered]</label>
							<visible>String.EndsWith(Container.FolderName,$LOCALIZE[20387]) | [String.IsEqual(ListItem.Label2,ListItem.Rating) + Skin.HasSetting(Enable.HideRatings)]</visible>
						</control>
						<control type="image">
							<left>1076</left>
							<top>28</top>
							<width>64</width>
							<height>64</height>
							<aspectratio>keep</aspectratio>
							<texture>$VAR[ListItem.Overlay]</texture>
						</control>
					</focusedlayout>
					<itemlayout height="120" width="1140" condition="Container.Content(tvshows)">
						<control type="image">
							<left>15</left>
							<top>8</top>
							<width>105</width>
							<height>105</height>
							<aspectratio>keep</aspectratio>
							<texture fallback="flags/studios/default-studio.png">$VAR[StudioIconVar]</texture>
							<colordiffuse>grey2</colordiffuse>
						</control>
						<control type="label">
							<left>135</left>
							<width>790</width>
							<height>70</height>
							<font>font30</font>
							<textcolor>grey2</textcolor>
							<selectedcolor>selected</selectedcolor>
							<label>$INFO[ListItem.Label]</label>
							<animation effect="slide" start="0,0" end="0,25" time="0" condition="String.IsEmpty(ListItem.Genre)">Conditional</animation>
						</control>
						<control type="label">
							<left>135</left>
							<top>55</top>
							<width>790</width>
							<height>60</height>
							<font>font15</font>
							<textcolor>grey3</textcolor>
							<selectedcolor>selected</selectedcolor>
							<label>$VAR[VideoListLabel2Var]</label>
						</control>
						<control type="label">
							<width>1060</width>
							<height>116</height>
							<font>font15</font>
							<align>right</align>
							<textcolor>grey2</textcolor>
							<selectedcolor>selected</selectedcolor>
							<label>$INFO[ListItem.Label2]</label>
						</control>
						<control type="image">
							<left>1076</left>
							<top>28</top>
							<width>64</width>
							<height>64</height>
							<aspectratio>keep</aspectratio>
							<texture>$VAR[ListItem.Overlay]</texture>
						</control>
						<control type="group">
							<description>Unwatched episodes</description>
							<left>1076</left>
							<control type="image">
								<top>28</top>
								<width>64</width>
								<height>64</height>
								<texture>overlays/list/OverlayUnWatched.png</texture>
								<visible>Integer.IsGreater(ListItem.Property(UnWatchedEpisodes),0) + String.IsEmpty(ListItem.Overlay)</visible>
							</control>
							<control type="label">
								<left>-18</left>
								<width>100</width>
								<height>120</height>
								<font>font12_title</font>
								<align>center</align>
								<label>$VAR[ListOverlayEpisodesVar]</label>
								<textcolor>grey3</textcolor>
								<textoffsetx>18</textoffsetx>
								<visible>Integer.IsGreater(ListItem.Property(UnWatchedEpisodes),0)</visible>
							</control>
						</control>
					</itemlayout>
					<focusedlayout height="120" width="1140" condition="Container.Content(tvshows)">
						<control type="image">
							<width>1140</width>
							<height>120</height>
							<texture border="4">listselect_fo.png</texture>
							<visible>Control.HasFocus(50)</visible>
							<include>VisibleFadeAnimation</include>
						</control>
						<control type="image">
							<left>15</left>
							<top>8</top>
							<width>105</width>
							<height>105</height>
							<aspectratio>keep</aspectratio>
							<texture fallback="flags/studios/default-studio.png">$VAR[StudioIconVar]</texture>
						</control>
						<control type="label">
							<left>135</left>
							<width>790</width>
							<height>70</height>
							<font>font30</font>
							<textcolor>white</textcolor>
							<selectedcolor>selected</selectedcolor>
							<label>$INFO[ListItem.Label]</label>
							<animation effect="slide" start="0,0" end="0,25" time="0" condition="String.IsEmpty(ListItem.Genre)">Conditional</animation>
						</control>
						<control type="label">
							<left>135</left>
							<top>55</top>
							<width>790</width>
							<height>60</height>
							<font>font15</font>
							<textcolor>white</textcolor>
							<selectedcolor>selected</selectedcolor>
							<label>$VAR[VideoListLabel2Var]</label>
						</control>
						<control type="label">
							<width>1060</width>
							<height>116</height>
							<font>font15</font>
							<align>right</align>
							<textcolor>white</textcolor>
							<selectedcolor>selected</selectedcolor>
							<label>$INFO[ListItem.Label2]</label>
						</control>
						<control type="image">
							<left>1076</left>
							<top>28</top>
							<width>64</width>
							<height>64</height>
							<aspectratio>keep</aspectratio>
							<texture>$VAR[ListItem.Overlay]</texture>
						</control>
						<control type="group">
							<description>Unwatched episodes</description>
							<left>1076</left>
							<control type="image">
								<top>28</top>
								<width>64</width>
								<height>64</height>
								<texture>overlays/list/OverlayUnWatched.png</texture>
								<visible>Integer.IsGreater(ListItem.Property(UnWatchedEpisodes),0) + String.IsEmpty(ListItem.Overlay)</visible>
							</control>
							<control type="label">
								<left>-18</left>
								<width>100</width>
								<height>120</height>
								<font>font12_title</font>
								<align>center</align>
								<label>$VAR[ListOverlayEpisodesVar]</label>
								<textcolor>white</textcolor>
								<textoffsetx>18</textoffsetx>
								<visible>Integer.IsGreater(ListItem.Property(UnWatchedEpisodes),0)</visible>
							</control>
						</control>
					</focusedlayout>
					<itemlayout height="120" width="1140" condition="Container.Content(seasons)">
						<control type="image">
							<left>15</left>
							<top>8</top>
							<width>105</width>
							<height>105</height>
							<aspectratio>keep</aspectratio>
							<texture background="true">$INFO[ListItem.Icon]</texture>
							<visible>!String.StartsWith(ListItem.Icon,Default)</visible>
						</control>
						<control type="image">
							<left>15</left>
							<top>8</top>
							<width>105</width>
							<height>105</height>
							<aspectratio>keep</aspectratio>
							<texture background="true">$INFO[ListItem.Icon,views/list/]</texture>
							<colordiffuse>grey2</colordiffuse>
							<visible>String.StartsWith(ListItem.Icon,Default)</visible>
						</control>
						<control type="label">
							<left>135</left>
							<width>960</width>
							<height>120</height>
							<font>font30</font>
							<textcolor>grey2</textcolor>
							<selectedcolor>selected</selectedcolor>
							<label>$INFO[ListItem.Label]</label>
						</control>
						<control type="label">
							<width>1060</width>
							<height>116</height>
							<font>font15</font>
							<align>right</align>
							<textcolor>grey2</textcolor>
							<selectedcolor>selected</selectedcolor>
							<label>$INFO[ListItem.Property(TotalEpisodes),, $LOCALIZE[20453]]</label>
						</control>
						<control type="image">
							<left>1076</left>
							<top>28</top>
							<width>64</width>
							<height>64</height>
							<aspectratio>keep</aspectratio>
							<texture>$VAR[ListItem.Overlay]</texture>
						</control>
						<control type="group">
							<description>Unwatched episodes</description>
							<left>1076</left>
							<control type="image">
								<top>28</top>
								<width>64</width>
								<height>64</height>
								<texture>overlays/list/OverlayUnWatched.png</texture>
								<visible>Integer.IsGreater(ListItem.Property(UnWatchedEpisodes),0) + String.IsEmpty(ListItem.Overlay)</visible>
							</control>
							<control type="label">
								<left>-18</left>
								<width>100</width>
								<height>120</height>
								<font>font12_title</font>
								<align>center</align>
								<label>$VAR[ListOverlayEpisodesVar]</label>
								<textcolor>grey3</textcolor>
								<textoffsetx>18</textoffsetx>
								<visible>Integer.IsGreater(ListItem.Property(UnWatchedEpisodes),0)</visible>
							</control>
						</control>
					</itemlayout>
					<focusedlayout height="120" width="1140" condition="Container.Content(seasons)">
						<control type="image">
							<width>1140</width>
							<height>120</height>
							<texture border="4">listselect_fo.png</texture>
							<visible>Control.HasFocus(50)</visible>
							<include>VisibleFadeAnimation</include>
						</control>
						<control type="image">
							<left>15</left>
							<top>8</top>
							<width>105</width>
							<height>105</height>
							<aspectratio>keep</aspectratio>
							<texture background="true">$INFO[ListItem.Icon]</texture>
							<visible>!String.StartsWith(ListItem.Icon,Default)</visible>
						</control>
						<control type="image">
							<left>15</left>
							<top>8</top>
							<width>105</width>
							<height>105</height>
							<aspectratio>keep</aspectratio>
							<texture background="true">$INFO[ListItem.Icon,views/list/]</texture>
							<visible>String.StartsWith(ListItem.Icon,Default)</visible>
						</control>
						<control type="label">
							<left>135</left>
							<width>960</width>
							<height>120</height>
							<font>font30</font>
							<textcolor>white</textcolor>
							<selectedcolor>selected</selectedcolor>
							<label>$INFO[ListItem.Label]</label>
						</control>
						<control type="label">
							<width>1060</width>
							<height>116</height>
							<font>font15</font>
							<align>right</align>
							<textcolor>white</textcolor>
							<selectedcolor>selected</selectedcolor>
							<label>$INFO[ListItem.Property(TotalEpisodes),, $LOCALIZE[20453]]</label>
						</control>
						<control type="image">
							<left>1076</left>
							<top>28</top>
							<width>64</width>
							<height>64</height>
							<aspectratio>keep</aspectratio>
							<texture>$VAR[ListItem.Overlay]</texture>
						</control>
						<control type="group">
							<description>Unwatched episodes</description>
							<left>1076</left>
							<control type="image">
								<top>28</top>
								<width>64</width>
								<height>64</height>
								<texture>overlays/list/OverlayUnWatched.png</texture>
								<visible>Integer.IsGreater(ListItem.Property(UnWatchedEpisodes),0) + String.IsEmpty(ListItem.Overlay)</visible>
							</control>
							<control type="label">
								<left>-18</left>
								<width>100</width>
								<height>120</height>
								<font>font12_title</font>
								<align>center</align>
								<label>$VAR[ListOverlayEpisodesVar]</label>
								<textcolor>white</textcolor>
								<textoffsetx>18</textoffsetx>
								<visible>Integer.IsGreater(ListItem.Property(UnWatchedEpisodes),0)</visible>
							</control>
						</control>
					</focusedlayout>
					<itemlayout height="120" width="1140" condition="Container.Content(albums) | Container.Content(songs)">
						<control type="image">
							<left>15</left>
							<top>8</top>
							<width>105</width>
							<height>105</height>
							<aspectratio>keep</aspectratio>
							<texture background="true">$INFO[ListItem.Icon,views/list/]</texture>
							<colordiffuse>grey2</colordiffuse>
							<visible>!Container.Content(songs) + String.StartsWith(ListItem.Icon,Default)</visible>
						</control>
						<control type="image">
							<left>15</left>
							<top>8</top>
							<width>105</width>
							<height>105</height>
							<aspectratio>keep</aspectratio>
							<texture background="true">$INFO[ListItem.Icon]</texture>
							<visible>!Container.Content(songs) + !String.StartsWith(ListItem.Icon,Default)</visible>
						</control>
						<control type="label">
							<left>5</left>
							<top>8</top>
							<width>115</width>
							<height>105</height>
							<font>font45caps_title</font>
							<textcolor>grey2</textcolor>
							<selectedcolor>selected</selectedcolor>
							<align>center</align>
							<label>[B]$INFO[ListItem.Tracknumber][/B]</label>
							<visible>Container.Content(songs)</visible>
						</control>
						<control type="label">
							<left>135</left>
							<width>985</width>
							<height>70</height>
							<font>font30</font>
							<textcolor>grey2</textcolor>
							<selectedcolor>selected</selectedcolor>
							<label>$VAR[MusicListLabel3Var]</label>
							<animation effect="slide" start="0,0" end="0,25" time="0" condition="String.IsEmpty(ListItem.Artist)">Conditional</animation>
						</control>
						<control type="label">
							<left>135</left>
							<top>50</top>
							<width>810</width>
							<height>60</height>
							<font>font15</font>
							<textcolor>grey3</textcolor>
							<selectedcolor>selected</selectedcolor>
							<label>$INFO[ListItem.Artist]</label>
						</control>
						<control type="label">
							<left>60</left>
							<width>1060</width>
							<height>70</height>
							<font>font30</font>
							<align>right</align>
							<textcolor>grey2</textcolor>
							<selectedcolor>selected</selectedcolor>
							<label fallback="• • • •">$VAR[MusicListLabel4Var]</label>
							<visible>!ListItem.IsParentFolder</visible>
						</control>
						<control type="image">
							<left>950</left>
							<top>50</top>
							<width>180</width>
							<height>70</height>
							<aspectratio>keep</aspectratio>
							<colordiffuse>grey3</colordiffuse>
							<texture fallback="flags/rating/0.png">$INFO[ListItem.Rating,rating,.png]</texture>
							<visible>!ListItem.IsParentFolder + String.IsEmpty(ListItem.UserRating)</visible>
						</control>
						<control type="image">
							<left>950</left>
							<top>50</top>
							<width>180</width>
							<height>70</height>
							<aspectratio>keep</aspectratio>
							<colordiffuse>themecolor</colordiffuse>
							<texture>$INFO[ListItem.UserRating,flags/rating/,.png]</texture>
							<visible>!ListItem.IsParentFolder + !String.IsEmpty(ListItem.UserRating)</visible>
						</control>
					</itemlayout>
					<focusedlayout height="120" width="1140" condition="Container.Content(albums) | Container.Content(songs)">
						<control type="image">
							<width>1140</width>
							<height>120</height>
							<texture border="4">listselect_fo.png</texture>
							<visible>Control.HasFocus(50)</visible>
							<include>VisibleFadeAnimation</include>
						</control>
						<control type="image">
							<left>15</left>
							<top>8</top>
							<width>105</width>
							<height>105</height>
							<aspectratio>keep</aspectratio>
							<texture background="true">$INFO[ListItem.Icon,views/list/]</texture>
							<visible>!Container.Content(songs) + String.StartsWith(ListItem.Icon,Default)</visible>
						</control>
						<control type="image">
							<left>15</left>
							<top>8</top>
							<width>105</width>
							<height>105</height>
							<aspectratio>keep</aspectratio>
							<texture background="true">$INFO[ListItem.Icon]</texture>
							<visible>!Container.Content(songs) + !String.StartsWith(ListItem.Icon,Default)</visible>
						</control>
						<control type="label">
							<left>5</left>
							<top>8</top>
							<width>115</width>
							<height>105</height>
							<font>font45caps_title</font>
							<textcolor>white</textcolor>
							<selectedcolor>selected</selectedcolor>
							<align>center</align>
							<label>[B]$INFO[ListItem.Tracknumber][/B]</label>
							<visible>Container.Content(songs)</visible>
						</control>
						<control type="label">
							<left>135</left>
							<width>985</width>
							<height>70</height>
							<font>font30</font>
							<textcolor>white</textcolor>
							<selectedcolor>selected</selectedcolor>
							<label>$VAR[MusicListLabel3Var]</label>
							<animation effect="slide" start="0,0" end="0,25" time="0" condition="String.IsEmpty(ListItem.Artist)">Conditional</animation>
						</control>
						<control type="label">
							<left>135</left>
							<top>50</top>
							<width>810</width>
							<height>60</height>
							<font>font15</font>
							<textcolor>white</textcolor>
							<selectedcolor>selected</selectedcolor>
							<label>$INFO[ListItem.Artist]</label>
						</control>
						<control type="label">
							<left>60</left>
							<width>1060</width>
							<height>70</height>
							<font>font30</font>
							<align>right</align>
							<textcolor>white</textcolor>
							<selectedcolor>selected</selectedcolor>
							<label fallback="• • • •">$VAR[MusicListLabel4Var]</label>
							<visible>!ListItem.IsParentFolder</visible>
						</control>
						<control type="image">
							<left>950</left>
							<top>50</top>
							<width>180</width>
							<height>70</height>
							<aspectratio>keep</aspectratio>
							<colordiffuse>$VAR[StarRatingDiffuseVar]</colordiffuse>
							<texture fallback="rating0.png">$INFO[ListItem.UserRating,flags/rating/,.png]</texture>
							<visible>!ListItem.IsParentFolder + !String.IsEmpty(ListItem.UserRating)</visible>
						</control>
						<control type="image">
							<left>950</left>
							<top>50</top>
							<width>180</width>
							<height>70</height>
							<aspectratio>keep</aspectratio>
							<colordiffuse>$VAR[StarRatingDiffuseVar]</colordiffuse>
							<texture fallback="rating0.png">$INFO[ListItem.Rating,rating,.png]</texture>
							<visible>!ListItem.IsParentFolder + String.IsEmpty(ListItem.UserRating)</visible>
						</control>
					</focusedlayout>
					<itemlayout height="120" width="1140" condition="Container.Content(artists)">
						<control type="image">
							<left>15</left>
							<top>8</top>
							<width>105</width>
							<height>105</height>
							<aspectratio>keep</aspectratio>
							<texture background="true">$INFO[ListItem.Icon,views/list/]</texture>
							<colordiffuse>grey2</colordiffuse>
							<visible>String.StartsWith(ListItem.Icon,Default)</visible>
						</control>
						<control type="image">
							<left>15</left>
							<top>8</top>
							<width>105</width>
							<height>105</height>
							<aspectratio>keep</aspectratio>
							<texture background="true">$INFO[ListItem.Icon]</texture>
							<visible>!String.StartsWith(ListItem.Icon,Default)</visible>
						</control>
						<control type="label">
							<left>135</left>
							<width>1005</width>
							<height>120</height>
							<font>font30</font>
							<textcolor>grey2</textcolor>
							<selectedcolor>selected</selectedcolor>
							<label>$INFO[ListItem.Label]</label>
						</control>
						<control type="label">
							<left>60</left>
							<width>1005</width>
							<height>120</height>
							<font>font15</font>
							<align>right</align>
							<textcolor>grey2</textcolor>
							<selectedcolor>selected</selectedcolor>
							<label>$INFO[ListItem.Label2]</label>
						</control>
					</itemlayout>
					<focusedlayout height="120" width="1140" condition="Container.Content(artists)">
						<control type="image">
							<width>1140</width>
							<height>120</height>
							<texture border="4">listselect_fo.png</texture>
							<visible>Control.HasFocus(50)</visible>
							<include>VisibleFadeAnimation</include>
						</control>
						<control type="image">
							<left>15</left>
							<top>8</top>
							<width>105</width>
							<height>105</height>
							<aspectratio>keep</aspectratio>
							<texture background="true">$INFO[ListItem.Icon,views/list/]</texture>
							<visible>String.StartsWith(ListItem.Icon,Default)</visible>
						</control>
						<control type="image">
							<left>15</left>
							<top>8</top>
							<width>105</width>
							<height>105</height>
							<aspectratio>keep</aspectratio>
							<texture background="true">$INFO[ListItem.Icon]</texture>
							<visible>!String.StartsWith(ListItem.Icon,Default)</visible>
						</control>
						<control type="label">
							<left>135</left>
							<width>1005</width>
							<height>120</height>
							<font>font30</font>
							<textcolor>white</textcolor>
							<selectedcolor>selected</selectedcolor>
							<label>$INFO[ListItem.Label]</label>
						</control>
						<control type="label">
							<left>60</left>
							<width>1005</width>
							<height>120</height>
							<font>font15</font>
							<align>right</align>
							<textcolor>white</textcolor>
							<selectedcolor>selected</selectedcolor>
							<label>$INFO[ListItem.Label2]</label>
						</control>
					</focusedlayout>
				</control>
				<control type="scrollbar" id="60">
					<left>1140</left>
					<top>180</top>
					<width>14</width>
					<height>840</height>
					<onup>60</onup>
					<ondown>60</ondown>
					<onleft>50</onleft>
					<onright condition="!Control.IsVisible(62) + !Control.IsVisible(8000)">SetProperty(MediaMenu,True,home)</onright>
					<onright condition="!Control.IsVisible(62) + !Control.IsVisible(8000)">SetFocus(9050)</onright>
					<onright condition="Control.IsVisible(62) + !Control.IsVisible(8000)">62</onright>
					<onright condition="Control.IsVisible(8000)">8000</onright>
					<texturesliderbackground />
					<texturesliderbar colordiffuse="55ffffff" border="1">scrollbar/texturesliderbar2.png</texturesliderbar>
					<texturesliderbarfocus border="1">scrollbar/texturesliderbar2.png</texturesliderbarfocus>
					<showonepage>false</showonepage>
					<orientation>vertical</orientation>
				</control>
			</control>
			<control type="group">
				<left>1296</left>
				<top>155</top>
				<visible>!Container.Content(episodes)</visible>
				<include>VisibleFadeAnimation</include>
				<control type="image">
					<width>570</width>
					<height>835</height>
					<aspectratio aligny="bottom">keep</aspectratio>
					<texture background="true" fallback="special://skin/extras/moviegenres/Default.jpg">$VAR[PosterVar]</texture>
					<fadetime>IconCrossfadeTime</fadetime>
					<bordertexture border="40">dialogs/default/bg.png</bordertexture>
					<bordersize>30</bordersize>
				</control>
			</control>
			<control type="group">
				<left>1280</left>
				<top>-40</top>
				<visible>Container.Content(episodes)</visible>
				<include>VisibleFadeAnimation</include>
				<control type="image">
					<description>background image</description>
					<top>148</top>
					<width>570</width>
					<height>904</height>
					<texture border="40">dialogs/default/bg.png</texture>
				</control>
				<control type="image">
					<top>148</top>
					<width>570</width>
					<height>348</height>
					<aspectratio>scale</aspectratio>
					<texture background="true">$INFO[ListItem.Icon]</texture>
					<bordertexture border="40">dialogs/default/bg.png</bordertexture>
					<bordersize>30</bordersize>
					<fadetime>IconCrossfadeTime</fadetime>
				</control>
				<control type="group">
					<top>465</top>
					<control type="image">
						<left>32</left>
						<colordiffuse>grey2</colordiffuse>
						<include>MediaFlagVars</include>
						<texture>$INFO[ListItem.VideoResolution,flags/resolution/,.png]</texture>
						<visible>!String.IsEmpty(ListItem.VideoResolution)</visible>
					</control>
					<control type="image">
						<left>217</left>
						<colordiffuse>grey2</colordiffuse>
						<include>MediaFlagVars</include>
						<texture>$INFO[ListItem.AudioCodec,flags/audio/,.png]</texture>
						<visible>!String.IsEmpty(ListItem.AudioCodec)</visible>
					</control>
					<control type="image">
						<left>402</left>
						<colordiffuse>grey2</colordiffuse>
						<include>MediaFlagVars</include>
						<texture>$VAR[SourceFlagVar,flags/video/,.png]</texture>
						<visible>!String.IsEmpty(ListItem.VideoCodec)</visible>
					</control>
				</control>
				<control type="textbox" id="70">
					<label>$VAR[VideoPlotVar]</label>
					<top>560</top>
					<left>47</left>
					<width>476</width>
					<height>458</height>
					<font>font15_textbox</font>
					<autoscroll time="3000" delay="4000" repeat="5000">Skin.HasSetting(Enable.AutoScroll) + !Control.HasFocus(62)</autoscroll>
					<include>ShowCaseInfoPanelButtonsValues</include>
					<pagecontrol>62</pagecontrol>
				</control>
				<control type="scrollbar" id="62">
					<left>538</left>
					<top>560</top>
					<width>14</width>
					<height>460</height>
					<onup>PageUp(70)</onup>
					<ondown>PageUp(70)</ondown>
					<onleft>50</onleft>
					<onright>SetProperty(MediaMenu,True,home)</onright>
					<onright>SetFocus(9050)</onright>
					<texturesliderbackground />
					<texturesliderbar colordiffuse="55ffffff" border="1">scrollbar/texturesliderbar2.png</texturesliderbar>
					<texturesliderbarfocus border="1">scrollbar/texturesliderbar2.png</texturesliderbarfocus>
					<showonepage>false</showonepage>
					<orientation>vertical</orientation>
				</control>
			</control>
		</control>
		<control type="group">
			<left>-440</left>
			<animation effect="slide" start="440,0" end="0,0" time="400" tween="quadratic" easing="out" condition="String.IsEmpty(Window(home).Property(MediaMenu))">Conditional</animation>
			<animation effect="slide" start="0,0" end="-440,0" time="400" tween="quadratic" easing="out">WindowClose</animation>
				<control type="image">
				<visible>!String.IsEmpty(Window(Home).Property(MediaMenu))</visible>
					<left>-105</left>
					<top>-150</top>
					<width>2450</width>
					<height>1450</height>
					<texture flipx="true" diffuse="tajo/shadow_mask_v.png">black.png</texture>
					<colordiffuse>black</colordiffuse>
					<animation effect="fade" end="94" condition="true">Conditional</animation>
				</control>
			<control type="button" id="9051">
				<include>HiddenObject</include>
				<onfocus condition="String.IsEmpty(Window(Home).Property(MediaMenu))">SetProperty(MediaMenu,True,home)</onfocus>
				<onfocus condition="String.IsEmpty(Window(Home).Property(MediaMenu))">SetFocus(9050)</onfocus>
				<onfocus condition="!String.IsEmpty(Window(Home).Property(MediaMenu))">ClearProperty(MediaMenu,Home)</onfocus>
				<onfocus condition="!String.IsEmpty(Window(Home).Property(MediaMenu))">SetFocus(50)</onfocus>
			</control>
			<control type="button" id="8999">
				<description>Close Window button</description>
				<left>350</left>
				<width>64</width>
				<height>48</height>
				<label></label>
				<font>CloseButton</font>
				<textcolor>grey</textcolor>
				<focusedcolor>themecolor</focusedcolor>
				<onclick>ClearProperty(MediaMenu,Home)</onclick>
				<onclick>SetFocus(50)</onclick>
				<texturefocus />
				<texturenofocus />
				<visible>system.getbool(input.enablemouse)</visible>
			</control>
			<control type="image">
				<description>LOGO</description>
				<left>50</left>
				<width>400</width>
				<height>120</height>
				<aspectratio>keep</aspectratio>
				<texture>aeon-tajo.png</texture>
			</control>
			<control type="grouplist" id="9050">
				<left>50</left>
				<top>100</top>
				<width>400</width>
				<height>1080</height>
				<onleft>9050</onleft>
				<onright>ClearProperty(MediaMenu,Home)</onright>
				<onright>50</onright>
				<onup>9050</onup>
				<ondown>9050</ondown>
				<onback>ClearProperty(MediaMenu,Home)</onback>
				<onback>50</onback>
				<include condition="Skin.HasSetting(KioskMode.Enabled)">KioskModeButton</include>
				<animation effect="fade" start="100" end="0" time="200" condition="Window.IsVisible(1129)" reversible="true">conditional</animation>
				<control type="button" id="203">
					<description>View options</description>
					<textwidth>352</textwidth>
					<font>font13_title</font>
					<include>ButtonCommonValues</include>
					<label>$LOCALIZE[31039]</label>
					<enable>no</enable>
					<disabledcolor>themecolor</disabledcolor>
				</control>
				<control type="button" id="990">
					<description>New Search Button</description>
					<label>$LOCALIZE[19140]</label>
					<textwidth>350</textwidth>
					<include>ButtonCommonValues</include>
				</control>
				<control type="button" id="617">
					<description>Settings button</description>
					<include>ButtonCommonValues</include>
					<label>$LOCALIZE[5]</label>
					<onclick>Addon.OpenSettings(script.globalsearch)</onclick>
				</control>
				<control type="button" id="612">
					<description>Go to playlist</description>
					<include>ButtonCommonValues</include>
					<label>13350</label>
					<onclick>ActivateWindow(videoplaylist)</onclick>
					<visible>!String.IsEqual(Playlist.Length(video),0)</visible>
				</control>
				<control type="button" id="616">
					<description>Go to playercontrols</description>
					<include>ButtonCommonValues</include>
					<label>$LOCALIZE[31177]</label>
					<onclick condition="Player.HasAudio">ClearProperty(MediaMenu,Home)</onclick>
					<onclick condition="Player.HasAudio">SetFocus(50)</onclick>
					<onclick condition="Player.HasAudio">ActivateWindow(playercontrols)</onclick>
					<onclick condition="Player.HasVideo">Fullscreen</onclick>
					<onclick condition="Player.HasVideo">ActivateWindow(videoosd)</onclick>
					<onclick>ClearProperty(MediaMenu,Home)</onclick>
					<visible>Player.HasMedia</visible>
				</control>
				<control type="button" id="204">
					<description>View options</description>
					<textwidth>352</textwidth>
					<font>font13_title</font>
					<include>ButtonCommonValues</include>
					<label>$LOCALIZE[21866]</label>
					<enable>no</enable>
					<disabledcolor>themecolor</disabledcolor>
				</control>
				<control type="panel" id="9000">
					<width>400</width>
					<height>600</height>
					<onleft>noop</onleft>
					<onright>ClearProperty(MediaMenu,Home)</onright>
					<onright>50</onright>
					<onup>2001</onup>
					<ondown>990</ondown>
					<pagecontrol>60</pagecontrol>
					<scrolltime tween="quadratic">300</scrolltime>
					<itemlayout height="60" width="400">
						<control type="label">
							<width>400</width>
							<height>60</height>
							<font>font13</font>
							<textoffsetx>20</textoffsetx>
							<textcolor>grey</textcolor>
							<selectedcolor>selected</selectedcolor>
							<label>$INFO[ListItem.Label]</label>
						</control>
						<control type="label">
							<width>400</width>
							<height>60</height>
							<font>font13</font>
							<align>right</align>
							<textoffsetx>20</textoffsetx>
							<textcolor>themecolor</textcolor>
							<selectedcolor>selected</selectedcolor>
							<label>$INFO[ListItem.Label2]</label>
						</control>
					</itemlayout>
					<focusedlayout height="60" width="400">
						<control type="image">
							<width>400</width>
							<height>60</height>
							<texture border="4">listselect_fo.png</texture>
							<visible>Control.HasFocus(9000)</visible>
							<include>VisibleFadeAnimation</include>
						</control>
						<control type="label">
							<width>400</width>
							<height>60</height>
							<font>font13</font>
							<textoffsetx>20</textoffsetx>
							<textcolor>white</textcolor>
							<selectedcolor>selected</selectedcolor>
							<label>$INFO[ListItem.Label]</label>
							<animation effect="fade" start="100" end="70" time="300" tween="sine" easing="inout" condition="!Control.HasFocus(9000)">Conditional</animation>
						</control>
						<control type="label">
							<width>400</width>
							<height>60</height>
							<font>font13</font>
							<align>right</align>
							<textoffsetx>20</textoffsetx>
							<textcolor>white</textcolor>
							<selectedcolor>selected</selectedcolor>
							<label>$INFO[ListItem.Label2]</label>
							<animation effect="fade" start="100" end="70" time="300" tween="sine" easing="inout" condition="!Control.HasFocus(9000)">Conditional</animation>
						</control>
					</focusedlayout>
				</control>
			</control>
		</control>
	</controls>
</window>
