<?xml version="1.0" encoding="UTF-8"?>
<window>
	<controls>
		<control type="group">
			<control type="list" id="110">
				<left>45</left>
				<top>45</top>
				<width>1830</width>
				<height>450</height>
				<onleft>110</onleft>
				<onright>110</onright>
				<onup>110</onup>
				<ondown>110</ondown>
				<pagecontrol>101</pagecontrol>
				<scrolltime>200</scrolltime>
				<itemlayout height="50">
					<control type="label">
						<width>1830</width>
						<height>50</height>
						<font>font15t</font>
						<textcolor>01ffffff</textcolor>
						<align>center</align>
						<selectedcolor>selected</selectedcolor>
						<info>ListItem.Label</info>
					</control>
				</itemlayout>
				<focusedlayout height="50">
					<control type="label">
						<width>1830</width>
						<height>50</height>
						<font>font15t</font>
						<align>center</align>
						<textcolor>01ffffff</textcolor>
						<label fallback="--">$INFO[ListItem.Label]</label>
					</control>
				</focusedlayout>
			</control>
			<control type="label">
				<description>Scraper label</description>
				<left>870</left>
				<top>1020</top>
				<width>825</width>
				<height>45</height>
				<label>$LOCALIZE[31205] - $INFO[Control.GetLabel(200)]</label>
				<font>font12_title</font>
				<align>right</align>
				<textcolor>grey2</textcolor>
				<visible>false</visible>
			</control>
			<control type="label" id="200">
				<description>Scraper label</description>
				<visible>false</visible>
			</control>
		</control>
		<include condition="!Skin.HasSetting(noLyrics) + String.IsEmpty(Window(home).Property(melodiesPlaying)) + Window.IsActive(visualisation)">Video_Lyrics</include>
		<control type="group">
			<animation effect="slide" end="0,0" start="0,-540" delay="100" time="200" tween="quadratic" easing="out">WindowOpen</animation>
			<control type="list" id="120">
				<left>45</left>
				<top>45</top>
				<width>1830</width>
				<height>450</height>
				<onup>120</onup>
				<ondown>120</ondown>
				<scrolltime tween="quadratic" easing="out">200</scrolltime>
				<itemlayout height="60" width="1282">
					<control type="label">
						<width>630</width>
						<height>60</height>
						<font>font14t</font>
						<textoffsetx>15</textoffsetx>
						<textcolor>grey2</textcolor>
						<selectedcolor>selected</selectedcolor>
						<label>$INFO[ListItem.Label]</label>
					</control>
					<control type="label">
						<width>630</width>
						<height>60</height>
						<font>font14t</font>
						<textoffsetx>15</textoffsetx>
						<textcolor>grey2</textcolor>
						<selectedcolor>selected</selectedcolor>
						<align>right</align>
						<label>$INFO[ListItem.Label2]</label>
					</control>
				</itemlayout>
				<focusedlayout height="60" width="1282">
					<control type="image">
						<left>1</left>
						<width>630</width>
						<height>60</height>
						<texture border="5">listselect_fo.png</texture>
						<visible>Control.HasFocus(120)</visible>
						<include>VisibleFadeAnimation</include>
					</control>
					<control type="label">
						<width>630</width>
						<height>60</height>
						<font>font14t</font>
						<textoffsetx>15</textoffsetx>
						<textcolor>white</textcolor>
						<selectedcolor>selected</selectedcolor>
						<label>$INFO[ListItem.Label]</label>
						<animation effect="fade" start="100" end="70" time="300" tween="sine" easing="inout" condition="!Control.HasFocus(120)">Conditional</animation>
					</control>
					<control type="label">
						<width>630</width>
						<height>60</height>
						<font>font14t</font>
						<textoffsetx>15</textoffsetx>
						<textcolor>grey</textcolor>
						<selectedcolor>selected</selectedcolor>
						<align>right</align>
						<label>$INFO[ListItem.Label2]</label>
						<animation effect="fade" start="100" end="70" time="300" tween="sine" easing="inout" condition="!Control.HasFocus(120)">Conditional</animation>
					</control>
				</focusedlayout>
			</control>
		</control>
	</controls>
</window>