<?xml version="1.0" encoding="UTF-8" standalone="yes"?>
<addon id="plugin.program.padawan" name="PadawanWIZ" version="2.0" provider-name="MikeAngel">
  <requires>
    <import addon="xbmc.python" version="2.1.0"/>
  </requires>
  <extension point="xbmc.python.pluginsource" library="default.py">
    <provides>executable</provides>
  </extension>
  <extension point="xbmc.service" library="startup.py" start="startup" />
  <extension point="xbmc.addon.metadata">
    <summary lang="en">PadawanWIZ</summary>
    <description lang="en">Padawan Wizard allows you to get access to the latest Cantinho do Software Custom Builds.</description>
    <platform>all</platform>
  </extension>
</addon>