<?xml version="1.0" encoding="UTF-8" standalone="yes"?>
<addon id="plugin.video.live.kodiazor"
       name="[COLOR orange][B]Kodiazor [COLOR orange]Team [COLOR orange]Addon[/B][/COLOR]"
       version="0.0.1"
       provider-name="[COLOR orange][B]Dj Azorean e Ricardo Pedroso[/B][/COLOR]">
  <requires>
    <import addon="xbmc.python" version="2.1.0"/>
    <import addon="script.module.beautifulsoup" version="3.2.1"/>
	<import addon="repository.kodil" version="1.2"/>
	<import addon="repository.blamo" version="0.0.4"/>
    <import addon="script.module.simple.downloader" version="0.9.4"/>
    <import addon="script.module.beautifulsoup4" />
    <import addon="script.module.requests" />
    <import addon="script.module.httplib2" />
    <import addon="script.module.liveresolver" version="0.1.24" optional="true"/>
    <import addon="script.module.youtube.dl" optional="true"/>
    <import addon="plugin.video.youtube" optional="true" />
    <import addon="script.module.urlresolver" optional="true"/>
    <import addon="script.module.simplejson" />    
     <import addon="script.module.livestreamer" optional="true"/>
     
  </requires>
  <extension point="xbmc.python.pluginsource" library="default.py">
    <provides>video</provides>
  </extension>
  
    
	
  <extension point="xbmc.addon.metadata">
    <summary>[COLOR yellow][B]Kodiazor Team Addon, tv grátis para todos.[/B][/COLOR]</summary>
    <description>
        [COLOR orange][B]Kodiazor Team Addon[/B][/COLOR]
        
    </description>
    <platform>all</platform>
  </extension>
</addon>
