<?xml version="1.0" encoding="UTF-8" standalone="yes"?>
<addon id="plugin.audio.di.fm"
       name="Digitally Imported"
       version="3.1.3"
       provider-name="qualisoft.dk - Tim C. Steinmetz">
	<requires>
		<import addon="xbmc.python" version="2.1.0"/>
	</requires>
	<extension point="xbmc.python.pluginsource" library="default.py">
		<provides>audio</provides>
	</extension>
	<extension point="xbmc.addon.metadata">
		<platform>all</platform>
		<language>en</language>
		<license>GPL 2.0</license>
		<forum>http://forum.xbmc.org/showthread.php?tid=129857</forum>
    		<website>http://www.qualisoft.dk</website>
		<source>https://github.com/Bitcrusher/Digitally-Imported-XBMC-plugin</source>
   		<summary lang="en">Digitally Imported</summary>
		<description lang="en">
			Digitally Imported streams the world's most addictive electronic music. Our radio channels feature world renowned artists, DJs, and the hottest exclusive shows. Discover the community and the wide variety of electronic music covering Trance, House, Dance, Techno, Chillout, Breaks, Downtempo and so much more.
		</description>
		<description lang="de">
			Digitally Imported streamt süchtig machende elektronische Musik. Unsere Sender präsentieren neben Werken der renommiertesten Künstler und DJs der Welt exklusive Shows. Entdecken Sie die Community und die breite Vielfalt elektronischer Musik, welche unter anderem Trance, House, Dance, Techno, Chillout, Breaks, Downtempo und viele mehr umfasst.
		</description>
		<broken>Add-on is broken due to website changes</broken>
	</extension>
</addon>
