<?xml version="1.0" encoding="UTF-8" standalone="yes"?>
<addon id="service.fmc.autolegendas"
    name="FMC Auto Legendas PT" version="1.1" provider-name="frenchdj">
  <requires>
    <import addon="xbmc.python" version="2.14.0"/>
  </requires>
  <extension point="xbmc.service" library="default.py" start="login"></extension>  
  <extension point="xbmc.addon.metadata">
    <summary lang="en">Autosubs FORK [amet,schumi2004-Mafarricos]</summary>
    <description lang="en">[COLOR white]Procura automática de legendas em [COLOR lime][PT] [COLOR white]e [COLOR yellow][BR][COLOR white] no inicio da reprodução do Video.[/COLOR]
[COLOR lime][B]Para um bom funcionamento é necessário:[/B][/COLOR] 
[COLOR white]- Instalar addons de legendas para a língua Portuguesa. [/COLOR]
[COLOR white]- Ativar nos addons dos Filmes e Séries as legendas em Português.[/COLOR]
[COLOR red][B]NOTA:[/B] [COLOR white]Este addon serve para apontar aos addons de legendas. Sem eles não vai funcionar.[/COLOR]</description>
    <platform>all</platform>
    <language>pt</language>
    <license>GPL</license>
    <website></website>
    <source></source>
  </extension>
</addon>
