<?xml version='1.0' encoding='UTF-8'?>
<includes>
	<include name="skinshortcuts-mainmenu">
		<item id="1">
			<property name="id">$NUMBER[1]</property>
			<label>[COLOR  blue][B] MR[/B][/COLOR][COLOR  green][B] PIRACY [/B][/COLOR]</label>
			<label2>Add-on de Vídeo</label2>
			<icon>special://skin/extras/icons/DefaultAddSource.png</icon>
			<thumb>image://C%3a%5cUsers%5cjoaob%5cAppData%5cRoaming%5cKodi%5caddons%5cplugin.video.mrpiracy%5cicon.png/</thumb>
			<property name="widgetStyle">Panel</property>
			<property name="widgetStyle.2">Panel</property>
			<onclick>ActivateWindow(Videos,"plugin://plugin.video.mrpiracy",return)</onclick>
			<property name="path">ActivateWindow(Videos,"plugin://plugin.video.mrpiracy",return)</property>
			<visible>String.IsEqual(System.ProfileName,Master user)</visible>
			<property name="submenuVisibility">plugin-video-mrpiracy</property>
			<property name="hasSubmenu">False</property>
		</item>
		<item id="2">
			<property name="id">$NUMBER[2]</property>
			<label>[COLOR  blue][B] TEMPEST[/B][/COLOR]</label>
			<label2>Add-on de Vídeo</label2>
			<icon>special://skin/extras/icons/DefaultAddSource.png</icon>
			<thumb>image://C%3a%5cUsers%5cjoaob%5cAppData%5cRoaming%5cKodi%5caddons%5cplugin.video.tempest%5cicon.png/</thumb>
			<property name="widgetStyle">Panel</property>
			<property name="widgetStyle.2">Panel</property>
			<onclick>ActivateWindow(Videos,"plugin://plugin.video.tempest",return)</onclick>
			<property name="path">ActivateWindow(Videos,"plugin://plugin.video.tempest",return)</property>
			<visible>String.IsEqual(System.ProfileName,Master user)</visible>
			<property name="submenuVisibility">plugin-video-tempest</property>
			<property name="hasSubmenu">False</property>
		</item>
		<item id="3">
			<property name="id">$NUMBER[3]</property>
			<label>[COLOR  green][B] WOLF[/B][/COLOR]</label>
			<label2>Add-on de Vídeo</label2>
			<icon>special://skin/extras/icons/DefaultAddSource.png</icon>
			<thumb>image://C%3a%5cUsers%5cjoaob%5cAppData%5cRoaming%5cKodi%5caddons%5cplugin.video.wolf%5cicon.png/</thumb>
			<property name="widgetStyle">Panel</property>
			<property name="widgetStyle.2">Panel</property>
			<onclick>ActivateWindow(Videos,"plugin://plugin.video.wolf",return)</onclick>
			<property name="path">ActivateWindow(Videos,"plugin://plugin.video.wolf",return)</property>
			<visible>String.IsEqual(System.ProfileName,Master user)</visible>
			<property name="submenuVisibility">plugin-video-wolf</property>
			<property name="hasSubmenu">False</property>
		</item>
		<item id="4">
			<property name="id">$NUMBER[4]</property>
			<label>[COLOR red][B]Flecha[/B][/COLOR] [COLOR black][B]Negra[/B][/COLOR]</label>
			<label2>Add-on de Vídeo</label2>
			<icon>special://skin/extras/icons/DefaultAddSource.png</icon>
			<thumb>image://C%3a%5cUsers%5cjoaob%5cAppData%5cRoaming%5cKodi%5caddons%5cplugin.video.flechanegra%5cicon.png/</thumb>
			<property name="widgetStyle">Panel</property>
			<property name="widgetStyle.2">Panel</property>
			<onclick>ActivateWindow(Videos,"plugin://plugin.video.flechanegra",return)</onclick>
			<property name="path">ActivateWindow(Videos,"plugin://plugin.video.flechanegra",return)</property>
			<visible>String.IsEqual(System.ProfileName,Master user)</visible>
			<property name="submenuVisibility">plugin-video-flechanegra</property>
			<property name="hasSubmenu">False</property>
		</item>
		<item id="5">
			<property name="id">$NUMBER[5]</property>
			<label>[COLOR  yellow][B] DIVINO[/B][/COLOR]</label>
			<label2>Custom item</label2>
			<icon>special://skin/extras/icons/tv.png</icon>
			<thumb />
			<property name="widgetStyle">Panel</property>
			<property name="widgetStyle.2">Panel</property>
			<onclick>ActivateWindow(Videos,"plugin://plugin.video.divino",return)</onclick>
			<property name="path">ActivateWindow(Videos,"plugin://plugin.video.divino",return)</property>
			<visible>String.IsEqual(System.ProfileName,Master user)</visible>
			<property name="submenuVisibility">plugin-video-divino</property>
			<property name="hasSubmenu">False</property>
		</item>
		<item id="6">
			<property name="id">$NUMBER[6]</property>
			<label>Live TV</label>
			<label2>Common Shortcut</label2>
			<icon>special://skin/extras/icons/livetv.png</icon>
			<thumb />
			<property name="widgetStyle">Panel</property>
			<property name="widgetStyle.2">Panel</property>
			<visible>PVR.HasTVChannels</visible>
			<onclick condition="System.HasPVRAddon">ActivateWindow(TVChannels)</onclick>
			<property name="path">ActivateWindow(TVChannels)</property>
			<onclick condition="![System.HasPVRAddon]">ActivateWindow(addonbrowser,addons://user/xbmc.pvrclient,return)</onclick>
			<visible>String.IsEqual(System.ProfileName,Master user)</visible>
			<property name="submenuVisibility">num-31103</property>
			<property name="hasSubmenu">True</property>
		</item>
		<item id="7">
			<property name="id">$NUMBER[7]</property>
			<label>[COLOR  green][B] ALADO[/B][/COLOR][COLOR  red][B] TV [/B][/COLOR]</label>
			<label2>Add-on de Vídeo</label2>
			<icon>special://skin/extras/icons/DefaultAddSource.png</icon>
			<thumb>image://C%3a%5cUsers%5cjoaob%5cAppData%5cRoaming%5cKodi%5caddons%5cplugin.video.AladoTV%5cicon.png/</thumb>
			<property name="widgetStyle">Panel</property>
			<property name="widgetStyle.2">Panel</property>
			<onclick>ActivateWindow(Videos,"plugin://plugin.video.AladoTV",return)</onclick>
			<property name="path">ActivateWindow(Videos,"plugin://plugin.video.AladoTV",return)</property>
			<visible>String.IsEqual(System.ProfileName,Master user)</visible>
			<property name="submenuVisibility">plugin-video-aladotv</property>
			<property name="hasSubmenu">False</property>
		</item>
		<item id="8">
			<property name="id">$NUMBER[8]</property>
			<label>[COLOR  red][B] ZEUS[/B][/COLOR]</label>
			<label2>Add-on de Vídeo</label2>
			<icon>special://skin/extras/icons/DefaultAddSource.png</icon>
			<thumb>image://C%3a%5cUsers%5cjoaob%5cAppData%5cRoaming%5cKodi%5caddons%5cplugin.video.ZeusTV%5cicon.png/</thumb>
			<property name="widgetStyle">Panel</property>
			<property name="widgetStyle.2">Panel</property>
			<onclick>ActivateWindow(Videos,"plugin://plugin.video.ZeusTV",return)</onclick>
			<property name="path">ActivateWindow(Videos,"plugin://plugin.video.ZeusTV",return)</property>
			<visible>String.IsEqual(System.ProfileName,Master user)</visible>
			<property name="submenuVisibility">plugin-video-zeustv</property>
			<property name="hasSubmenu">False</property>
		</item>
		<item id="9">
			<property name="id">$NUMBER[9]</property>
			<label>[COLOR  black][B] AKUALA[/B][/COLOR]</label>
			<label2>Add-on de Vídeo</label2>
			<icon>special://skin/extras/icons/DefaultAddSource.png</icon>
			<thumb>image://C%3a%5cUsers%5cjoaob%5cAppData%5cRoaming%5cKodi%5caddons%5cplugin.video.akuala%5cicon.png/</thumb>
			<property name="widgetStyle">Panel</property>
			<property name="widgetStyle.2">Panel</property>
			<onclick>ActivateWindow(Videos,"plugin://plugin.video.akuala",return)</onclick>
			<property name="path">ActivateWindow(Videos,"plugin://plugin.video.akuala",return)</property>
			<visible>String.IsEqual(System.ProfileName,Master user)</visible>
			<property name="submenuVisibility">plugin-video-akuala</property>
			<property name="hasSubmenu">False</property>
		</item>
		<item id="10">
			<property name="id">$NUMBER[10]</property>
			<label>favoritos</label>
			<label2>Custom item</label2>
			<icon>special://skin/extras/icons/DefaultAddSource.png</icon>
			<thumb />
			<property name="widgetStyle">Panel</property>
			<property name="widgetStyle.2">Panel</property>
			<onclick>ActivateWindow(Favourites)</onclick>
			<property name="path">ActivateWindow(Favourites)</property>
			<visible>String.IsEqual(System.ProfileName,Master user)</visible>
			<property name="submenuVisibility">favoritos</property>
			<property name="hasSubmenu">False</property>
		</item>
		<item id="11">
			<property name="id">$NUMBER[11]</property>
			<label>[COLOR  yellow][B] BANCA[/B][/COLOR][COLOR  blue][B] SAPO [/B][/COLOR]</label>
			<label2>Add-on de Imagem</label2>
			<icon>special://skin/extras/icons/DefaultAddSource.png</icon>
			<thumb>image://C%3a%5cUsers%5cjoaob%5cAppData%5cRoaming%5cKodi%5caddons%5cplugin.image.bancasapo%5cresources%5cimages%5cicon.png/</thumb>
			<property name="widgetStyle">Panel</property>
			<property name="widgetStyle.2">Panel</property>
			<onclick>ActivateWindow(Pictures,"plugin://plugin.image.bancasapo",return)</onclick>
			<property name="path">ActivateWindow(Pictures,"plugin://plugin.image.bancasapo",return)</property>
			<visible>String.IsEqual(System.ProfileName,Master user)</visible>
			<property name="submenuVisibility">plugin-image-bancasapo</property>
			<property name="hasSubmenu">False</property>
		</item>
		<item id="12">
			<property name="id">$NUMBER[12]</property>
			<label>[COLOR  black][B] ADDONS[/B][/COLOR]</label>
			<label2>Custom item</label2>
			<icon>special://skin/extras/icons/addons.png</icon>
			<thumb />
			<property name="widgetStyle">Panel</property>
			<property name="widgetStyle.2">Panel</property>
			<onclick>ActivateWindow(Videos,Addons,return)</onclick>
			<property name="path">ActivateWindow(Videos,Addons,return)</property>
			<visible>String.IsEqual(System.ProfileName,Master user)</visible>
			<property name="submenuVisibility">colorblack-b-addons-b-color</property>
			<property name="hasSubmenu">True</property>
		</item>
		<item id="13">
			<property name="id">$NUMBER[13]</property>
			<label>[COLOR  yellow][B] DEFENICOES[/B][/COLOR]</label>
			<label2>Common Shortcut</label2>
			<icon>special://skin/extras/icons/settings.png</icon>
			<thumb />
			<property name="widgetStyle">Panel</property>
			<property name="widgetStyle.2">Panel</property>
			<onclick>ActivateWindow(Settings)</onclick>
			<property name="path">ActivateWindow(Settings)</property>
			<visible>String.IsEqual(System.ProfileName,Master user)</visible>
			<property name="submenuVisibility">coloryellow-b-defenicoes-b-color</property>
			<property name="hasSubmenu">True</property>
		</item>
		<item id="14">
			<property name="id">$NUMBER[14]</property>
			<label>$LOCALIZE[13005]</label>
			<label2>Comando Kodi</label2>
			<icon>special://skin/extras/icons/power.png</icon>
			<thumb />
			<property name="widgetStyle">Panel</property>
			<property name="widgetStyle.2">Panel</property>
			<onclick>ShutDown</onclick>
			<property name="path">ShutDown</property>
			<visible>String.IsEqual(System.ProfileName,Master user)</visible>
			<property name="submenuVisibility">num-13005</property>
			<property name="hasSubmenu">True</property>
		</item>
	</include>
	<include />
	<include name="skinshortcuts-submenu">
		<item id="1">
			<property name="id">$NUMBER[1]</property>
			<property name="mainmenuid">6</property>
			<label>$LOCALIZE[19023]</label>
			<label2>$ADDON[script.skinshortcuts 32017]</label2>
			<icon>special://skin/extras/icons/tv.png</icon>
			<thumb />
			<onclick condition="System.HasPVRAddon">ActivateWindow(TVChannels)</onclick>
			<property name="path">ActivateWindow(TVChannels)</property>
			<onclick condition="![System.HasPVRAddon]">ActivateWindow(addonbrowser,addons://user/xbmc.pvrclient,return)</onclick>
			<visible>[String.IsEqual(System.ProfileName,Master user)] + String.IsEqual(Container(9000).ListItem.Property(submenuVisibility),num-31103)</visible>
			<property name="isSubmenu">True</property>
		</item>
		<item id="2">
			<property name="id">$NUMBER[2]</property>
			<property name="mainmenuid">6</property>
			<label>$LOCALIZE[22020]</label>
			<label2>$ADDON[script.skinshortcuts 32017]</label2>
			<icon>special://skin/extras/icons/tvguide.png</icon>
			<thumb />
			<onclick condition="System.HasPVRAddon">ActivateWindow(TVGuide)</onclick>
			<property name="path">ActivateWindow(TVGuide)</property>
			<onclick condition="![System.HasPVRAddon]">ActivateWindow(addonbrowser,addons://user/xbmc.pvrclient,return)</onclick>
			<visible>[String.IsEqual(System.ProfileName,Master user)] + String.IsEqual(Container(9000).ListItem.Property(submenuVisibility),num-31103)</visible>
			<property name="isSubmenu">True</property>
		</item>
		<item id="3">
			<property name="id">$NUMBER[3]</property>
			<property name="mainmenuid">6</property>
			<label>$LOCALIZE[19163]</label>
			<label2>$ADDON[script.skinshortcuts 32017]</label2>
			<icon>special://skin/extras/icons/bookmark-star.png</icon>
			<thumb />
			<onclick condition="System.HasPVRAddon">ActivateWindow(TVRecordings)</onclick>
			<property name="path">ActivateWindow(TVRecordings)</property>
			<onclick condition="![System.HasPVRAddon]">ActivateWindow(addonbrowser,addons://user/xbmc.pvrclient,return)</onclick>
			<visible>[String.IsEqual(System.ProfileName,Master user)] + String.IsEqual(Container(9000).ListItem.Property(submenuVisibility),num-31103)</visible>
			<property name="isSubmenu">True</property>
		</item>
		<item id="4">
			<property name="id">$NUMBER[4]</property>
			<property name="mainmenuid">6</property>
			<label>$LOCALIZE[19040]</label>
			<label2>$ADDON[script.skinshortcuts 32017]</label2>
			<icon>special://skin/extras/icons/timer.png</icon>
			<thumb />
			<onclick condition="System.HasPVRAddon">ActivateWindow(TVTimers)</onclick>
			<property name="path">ActivateWindow(TVTimers)</property>
			<onclick condition="![System.HasPVRAddon]">ActivateWindow(addonbrowser,addons://user/xbmc.pvrclient,return)</onclick>
			<visible>[String.IsEqual(System.ProfileName,Master user)] + String.IsEqual(Container(9000).ListItem.Property(submenuVisibility),num-31103)</visible>
			<property name="isSubmenu">True</property>
		</item>
		<item id="5">
			<property name="id">$NUMBER[5]</property>
			<property name="mainmenuid">6</property>
			<label>$LOCALIZE[137]</label>
			<label2>$ADDON[script.skinshortcuts 32017]</label2>
			<icon>special://skin/extras/icons/search.png</icon>
			<thumb />
			<onclick condition="System.HasPVRAddon">ActivateWindow(TVSearch)</onclick>
			<property name="path">ActivateWindow(TVSearch)</property>
			<onclick condition="![System.HasPVRAddon]">ActivateWindow(addonbrowser,addons://user/xbmc.pvrclient,return)</onclick>
			<visible>[String.IsEqual(System.ProfileName,Master user)] + String.IsEqual(Container(9000).ListItem.Property(submenuVisibility),num-31103)</visible>
			<property name="isSubmenu">True</property>
		</item>
		<item id="1">
			<property name="id">$NUMBER[1]</property>
			<property name="mainmenuid">12</property>
			<label>$LOCALIZE[1037]</label>
			<label2 />
			<icon>special://skin/extras/icons/video-addons.png</icon>
			<thumb />
			<onclick>ActivateWindow(Videos,addons://sources/video,return)</onclick>
			<property name="path">ActivateWindow(Videos,addons://sources/video,return)</property>
			<visible>[String.IsEqual(System.ProfileName,Master user)] + String.IsEqual(Container(9000).ListItem.Property(submenuVisibility),colorblack-b-addons-b-color)</visible>
			<property name="isSubmenu">True</property>
		</item>
		<item id="2">
			<property name="id">$NUMBER[2]</property>
			<property name="mainmenuid">12</property>
			<label>$LOCALIZE[1038]</label>
			<label2 />
			<icon>special://skin/extras/icons/songs.png</icon>
			<thumb />
			<onclick>ActivateWindow(Music,addons://sources/audio,return)</onclick>
			<property name="path">ActivateWindow(Music,addons://sources/audio,return)</property>
			<visible>[String.IsEqual(System.ProfileName,Master user)] + String.IsEqual(Container(9000).ListItem.Property(submenuVisibility),colorblack-b-addons-b-color)</visible>
			<property name="isSubmenu">True</property>
		</item>
		<item id="3">
			<property name="id">$NUMBER[3]</property>
			<property name="mainmenuid">12</property>
			<label>$LOCALIZE[1043]</label>
			<label2 />
			<icon>special://skin/extras/icons/addons.png</icon>
			<thumb />
			<onclick>ActivateWindow(Programs,addons://sources/executable,return)</onclick>
			<property name="path">ActivateWindow(Programs,addons://sources/executable,return)</property>
			<visible>[String.IsEqual(System.ProfileName,Master user)] + String.IsEqual(Container(9000).ListItem.Property(submenuVisibility),colorblack-b-addons-b-color)</visible>
			<property name="isSubmenu">True</property>
		</item>
		<item id="4">
			<property name="id">$NUMBER[4]</property>
			<property name="mainmenuid">12</property>
			<label>$LOCALIZE[1039]</label>
			<label2 />
			<icon>special://skin/extras/icons/pictures.png</icon>
			<thumb />
			<onclick>ActivateWindow(Pictures,addons://sources/image,return)</onclick>
			<property name="path">ActivateWindow(Pictures,addons://sources/image,return)</property>
			<visible>[String.IsEqual(System.ProfileName,Master user)] + String.IsEqual(Container(9000).ListItem.Property(submenuVisibility),colorblack-b-addons-b-color)</visible>
			<property name="isSubmenu">True</property>
		</item>
		<item id="5">
			<property name="id">$NUMBER[5]</property>
			<property name="mainmenuid">12</property>
			<label>$LOCALIZE[24032]</label>
			<label2 />
			<icon>special://skin/extras/icons/database.png</icon>
			<thumb />
			<onclick>ActivateWindow(AddonBrowser,addons://user/all,return)</onclick>
			<property name="path">ActivateWindow(AddonBrowser,addons://user/all,return)</property>
			<visible>[String.IsEqual(System.ProfileName,Master user)] + String.IsEqual(Container(9000).ListItem.Property(submenuVisibility),colorblack-b-addons-b-color)</visible>
			<property name="isSubmenu">True</property>
		</item>
		<item id="6">
			<property name="id">$NUMBER[6]</property>
			<property name="mainmenuid">12</property>
			<label>$LOCALIZE[8]</label>
			<label2 />
			<icon>special://skin/extras/icons/sun.png</icon>
			<thumb />
			<onclick condition="!String.IsEmpty(Weather.Plugin)">ActivateWindow(Weather)</onclick>
			<property name="path">ActivateWindow(Weather)</property>
			<onclick condition="![!String.IsEmpty(Weather.Plugin)]">ActivateWindow(servicesettings,weather)</onclick>
			<visible>[String.IsEqual(System.ProfileName,Master user)] + String.IsEqual(Container(9000).ListItem.Property(submenuVisibility),colorblack-b-addons-b-color)</visible>
			<property name="isSubmenu">True</property>
		</item>
		<item id="1">
			<property name="id">$NUMBER[1]</property>
			<property name="mainmenuid">13</property>
			<label>$LOCALIZE[7]</label>
			<label2>$ADDON[script.skinshortcuts 32034]</label2>
			<icon>special://skin/extras/icons/DefaultFolder.png</icon>
			<thumb />
			<onclick>ActivateWindow(FileManager)</onclick>
			<property name="path">ActivateWindow(FileManager)</property>
			<visible>[String.IsEqual(System.ProfileName,Master user)] + String.IsEqual(Container(9000).ListItem.Property(submenuVisibility),coloryellow-b-defenicoes-b-color)</visible>
			<property name="isSubmenu">True</property>
		</item>
		<item id="2">
			<property name="id">$NUMBER[2]</property>
			<property name="mainmenuid">13</property>
			<label>$LOCALIZE[13200]</label>
			<label2>$ADDON[script.skinshortcuts 32034]</label2>
			<icon>special://skin/extras/icons/DefaultAddSource.png</icon>
			<thumb />
			<onclick>ActivateWindow(Profiles)</onclick>
			<property name="path">ActivateWindow(Profiles)</property>
			<visible>[String.IsEqual(System.ProfileName,Master user)] + String.IsEqual(Container(9000).ListItem.Property(submenuVisibility),coloryellow-b-defenicoes-b-color)</visible>
			<property name="isSubmenu">True</property>
		</item>
		<item id="3">
			<property name="id">$NUMBER[3]</property>
			<property name="mainmenuid">13</property>
			<label>$LOCALIZE[10007]</label>
			<label2>$ADDON[script.skinshortcuts 32034]</label2>
			<icon>special://skin/extras/icons/DefaultAddSource.png</icon>
			<thumb />
			<onclick>ActivateWindow(SystemInfo)</onclick>
			<property name="path">ActivateWindow(SystemInfo)</property>
			<visible>[String.IsEqual(System.ProfileName,Master user)] + String.IsEqual(Container(9000).ListItem.Property(submenuVisibility),coloryellow-b-defenicoes-b-color)</visible>
			<property name="isSubmenu">True</property>
		</item>
		<item id="4">
			<property name="id">$NUMBER[4]</property>
			<property name="mainmenuid">13</property>
			<label>$LOCALIZE[14111]</label>
			<label2>$ADDON[script.skinshortcuts 32034]</label2>
			<icon>special://skin/extras/icons/DefaultAddSource.png</icon>
			<thumb />
			<visible>[system.getbool(eventlog.enabled)] + String.IsEqual(Container(9000).ListItem.Property(submenuVisibility),coloryellow-b-defenicoes-b-color)</visible>
			<onclick>ActivateWindow(EventLog,events://,return)</onclick>
			<property name="path">ActivateWindow(EventLog,events://,return)</property>
			<visible>String.IsEqual(System.ProfileName,Master user)</visible>
			<property name="isSubmenu">True</property>
		</item>
		<item id="1">
			<property name="id">$NUMBER[1]</property>
			<property name="mainmenuid">14</property>
			<label>[COLOR  black][B] DESLIGAR KODI[/B][/COLOR]</label>
			<label2>Common Shortcut</label2>
			<icon>special://skin/extras/icons/power.png</icon>
			<thumb>special://skin/extras/icons/power.png</thumb>
			<onclick>ActivateWindow(shutdownmenu)</onclick>
			<property name="path">ActivateWindow(shutdownmenu)</property>
			<visible>[String.IsEqual(System.ProfileName,Master user)] + String.IsEqual(Container(9000).ListItem.Property(submenuVisibility),num-13005)</visible>
			<property name="isSubmenu">True</property>
		</item>
	</include>
	<include />
	<include name="skinshortcuts-submenu-1" />
	<include />
	<include name="skinshortcuts-submenu-2" />
</includes>
