<?xml version="1.0" encoding="UTF-8" standalone="yes"?>
<addon id="plugin.video.liquid" name="LIQUID TV" version="0.4.1" provider-name="Bruno Santos">
  <requires>
    <import addon="xbmc.python" version="2.1.0"/>
    <import addon="script.module.beautifulsoup" version="3.2.1"/>
    <import addon="script.module.simple.downloader" version="0.9.4"/>
    <import addon="script.module.beautifulsoup4"/>
    <import addon="script.module.requests"/>
    <import addon="script.module.httplib2"/>
    <import addon="script.module.youtube.dl" optional="true"/>
    <import addon="plugin.video.youtube"/>
    <import addon="script.module.urlresolver" optional="true"/>
    <import addon="script.module.simplejson"/> 
  </requires>
  <extension point="xbmc.python.pluginsource" library="default.py">
        <provides>video</provides>
  </extension>
  <extension point="xbmc.addon.metadata">
    <summary lang="en">LIQUID TV</summary>
    <description lang="en">Liquid TV Um Addon pra Trazer A Melhor Experiência Possível para Voce Sem Precisar Pagar Nada. Vem Pro New!</description>
    <platform>all</platform>
  </extension>
</addon>
